type,MQ3,MQ135,TGS2600,TGS2602,TGS2603,TGS2609,TGS2610,SYG9,MQ137,MQ138,TGS2611,TGS2612,TGS2618,TGS2619,TGS2620,SY1B
1,482,31,296,302,360,285,108,297,176,198,138,47,118,204,275,90
1,482,31,296,302,360,283,111,297,176,198,138,47,118,203,278,90
1,482,31,296,302,360,283,111,295,176,198,138,47,118,203,278,89
1,479,31,296,302,360,283,111,295,174,198,138,47,118,203,278,89
1,479,34,294,302,360,283,111,295,174,199,137,47,118,203,278,89
1,479,34,294,302,360,283,111,295,174,199,137,49,118,203,278,89
1,479,34,294,302,363,283,111,295,174,199,137,49,122,203,278,89
1,479,34,294,302,363,284,106,295,174,199,137,49,122,203,273,89
1,479,34,294,302,363,284,106,295,174,199,137,49,122,203,273,90
1,479,34,294,302,363,284,106,295,174,199,137,49,122,203,273,90
1,479,34,292,302,363,284,106,295,174,196,136,49,122,203,273,90
1,479,34,292,298,363,284,106,295,174,196,136,45,122,203,273,90
1,479,34,292,298,363,284,106,295,174,196,136,45,121,203,273,90
1,479,34,292,298,363,285,110,295,174,196,136,45,121,204,277,90
1,479,34,292,298,363,285,110,299,174,196,136,45,121,204,277,93
1,479,34,292,298,363,285,110,299,175,196,136,45,121,204,277,93
1,479,33,292,298,363,285,110,299,175,193,136,45,121,204,277,93
1,479,33,292,298,363,285,110,299,175,193,136,45,121,204,277,93
1,479,33,292,298,365,285,110,299,175,193,136,45,121,204,277,93
1,479,33,292,298,365,283,110,299,175,193,136,45,121,203,276,93
1,479,33,292,298,365,283,110,295,175,193,136,45,121,203,276,90
1,480,33,292,298,365,283,110,295,175,193,136,45,121,203,276,90
1,480,30,293,298,365,283,110,295,175,188,137,45,121,203,276,90
1,480,30,293,301,365,283,110,295,175,188,137,49,121,203,276,90
1,480,30,293,301,368,283,110,295,175,188,137,49,123,203,276,90
1,480,30,293,301,368,280,108,295,175,188,137,49,123,199,273,90
1,480,30,293,301,368,280,108,300,175,188,137,49,123,199,273,94
1,479,30,293,301,368,280,108,300,174,188,137,49,123,199,273,94
1,479,30,290,301,368,280,108,300,174,187,135,49,123,199,273,94
1,479,30,290,301,368,280,108,300,174,187,135,49,123,199,273,94
1,479,30,290,301,369,280,108,300,174,187,135,49,122,199,273,94
1,479,30,290,301,369,280,110,300,174,187,135,49,122,200,275,94
1,479,30,290,301,369,280,110,296,174,187,135,49,122,200,275,89
1,480,30,290,301,369,280,110,296,176,187,135,49,122,200,275,89
1,480,29,291,301,369,280,110,296,176,185,136,49,122,200,275,89
1,480,29,291,300,369,280,110,296,176,185,136,48,122,200,275,89
1,480,29,291,300,371,280,110,296,176,185,136,48,121,200,275,89
1,480,29,291,300,371,280,108,296,176,185,136,48,121,199,273,89
1,480,29,291,300,371,280,108,299,176,185,136,48,121,199,273,92
1,479,29,291,300,371,280,108,299,174,185,136,48,121,199,273,92
1,479,32,289,300,371,280,108,299,174,187,134,48,121,199,273,92
1,479,32,289,298,371,280,108,299,174,187,134,46,121,199,273,92
1,479,32,289,298,372,280,108,299,174,187,134,46,120,199,273,92
1,479,32,289,298,372,281,107,299,174,187,134,46,120,200,272,92
1,479,32,289,298,372,281,107,296,174,187,134,46,120,200,272,90
1,478,32,289,298,372,281,107,296,173,187,134,46,120,200,272,90
1,478,33,290,298,372,281,107,296,173,187,135,46,120,200,272,90
1,478,33,290,296,372,281,107,296,173,187,135,45,120,200,272,90
1,478,33,290,296,374,281,107,296,173,187,135,45,120,200,272,90
1,478,33,290,296,374,284,109,296,173,187,135,45,120,203,274,90
1,478,33,290,296,374,284,109,300,173,187,135,45,120,203,274,92
1,484,33,290,296,374,284,109,300,178,187,135,45,120,203,274,92
1,484,29,291,296,374,284,109,300,178,182,136,45,120,203,274,92
1,484,29,291,296,374,284,109,300,178,182,136,43,120,203,274,92
1,484,29,291,296,375,284,109,300,178,182,136,43,120,203,274,92
1,484,29,291,296,375,282,107,300,178,182,136,43,120,201,271,92
1,484,29,291,296,375,282,107,301,178,182,136,43,120,201,271,93
1,482,29,291,296,375,282,107,301,176,182,136,43,120,201,271,93
1,482,31,295,296,375,282,107,301,176,184,140,43,120,201,271,93
1,482,31,295,298,375,282,107,301,176,184,140,46,120,201,271,93
1,482,31,295,298,375,282,107,301,176,184,140,46,117,201,271,93
1,482,31,295,298,375,283,107,301,176,184,140,46,117,202,270,93
1,482,31,295,298,375,283,107,297,176,184,140,46,117,202,270,89
1,482,31,295,298,375,283,107,297,176,184,140,46,117,202,270,89
1,482,33,294,298,375,283,107,297,176,185,139,46,117,202,270,89
1,482,33,294,298,375,283,107,297,176,185,139,46,117,202,270,89
1,482,33,294,298,375,283,107,297,176,185,139,46,117,202,270,89
1,482,33,294,298,375,281,106,297,176,185,139,46,117,200,271,89
1,482,33,294,298,375,281,106,298,176,185,139,46,117,200,271,89
1,480,33,294,298,375,281,106,298,173,185,139,46,117,200,271,89
1,480,29,290,298,375,281,106,298,173,180,135,46,117,200,271,89
1,480,29,290,301,375,281,106,298,173,180,135,49,117,200,271,89
1,480,29,290,301,376,281,106,298,173,180,135,49,117,200,271,89
1,480,29,290,301,376,282,108,298,173,180,135,49,117,202,272,89
1,480,29,290,301,376,282,108,299,173,180,135,49,117,202,272,90
1,481,29,290,301,376,282,108,299,175,180,135,49,117,202,272,90
1,481,33,294,301,376,282,108,299,175,184,138,49,117,202,272,90
1,481,33,294,298,376,282,108,299,175,184,138,46,117,202,272,90
1,481,33,294,298,379,282,108,299,175,184,138,46,117,202,272,90
1,481,33,294,298,379,281,109,299,175,184,138,46,117,200,273,90
1,481,33,294,298,379,281,109,306,175,184,138,46,117,200,273,96
1,481,33,294,298,379,281,109,306,174,184,138,46,117,200,273,96
1,481,30,294,298,379,281,109,306,174,180,138,46,117,200,273,96
1,481,30,294,300,379,281,109,306,174,180,138,48,117,200,273,96
1,481,30,294,300,385,281,109,306,174,180,138,48,122,200,273,96
1,481,30,294,300,385,279,105,306,174,180,138,48,122,198,270,96
1,481,30,294,300,385,279,105,301,174,180,138,48,122,198,270,90
1,482,30,294,300,385,279,105,301,176,180,138,48,122,198,270,90
1,482,33,296,300,385,279,105,301,176,184,140,48,122,198,270,90
1,482,33,296,297,385,279,105,301,176,184,140,45,122,198,270,90
1,482,33,296,297,387,279,105,301,176,184,140,45,123,198,270,90
1,482,33,296,297,387,283,111,301,176,184,140,45,123,202,276,90
1,482,33,296,297,387,283,111,299,176,184,140,45,123,202,276,89
1,482,33,296,297,387,283,111,299,175,184,140,45,123,202,276,89
1,482,30,290,297,387,283,111,299,175,181,135,45,123,202,276,89
1,482,30,290,298,387,283,111,299,175,181,135,46,123,202,276,89
1,482,30,290,298,389,283,111,299,175,181,135,46,124,202,276,89
1,482,30,290,298,389,285,107,299,175,181,135,46,124,204,272,89
1,482,30,290,298,389,285,107,303,175,181,135,46,124,204,272,92
1,480,30,290,298,389,285,107,303,172,181,135,46,124,204,272,92
1,480,32,292,298,389,285,107,303,172,182,136,46,124,204,272,92
1,480,32,292,301,389,285,107,303,172,182,136,49,124,204,272,92
1,480,32,292,301,388,285,107,303,172,182,136,49,121,204,272,92
1,480,32,292,301,388,285,109,303,172,182,136,49,121,204,273,92
1,480,32,292,301,388,285,109,300,172,182,136,49,121,204,273,89
1,484,32,292,301,388,285,109,300,176,182,136,49,121,204,273,89
1,484,34,293,301,388,285,109,300,176,184,137,49,121,204,273,89
1,484,34,293,299,388,285,109,300,176,184,137,46,121,204,273,89
1,484,34,293,299,390,285,109,300,176,184,137,46,122,204,273,89
1,484,34,293,299,390,281,106,300,176,184,137,46,122,200,271,89
1,484,34,293,299,390,281,106,300,176,184,137,46,122,200,271,89
1,483,34,293,299,390,281,106,300,174,184,137,46,122,200,271,89
1,483,35,293,299,390,281,106,300,174,186,137,46,122,200,271,89
1,483,35,293,301,390,281,106,300,174,186,137,48,122,200,271,89
1,483,35,293,301,388,281,106,300,174,186,137,48,120,200,271,89
1,483,35,293,301,388,286,110,300,174,186,137,48,120,205,274,89
1,483,35,293,301,388,286,110,305,174,186,137,48,120,205,274,93
1,484,35,293,301,388,286,110,305,176,186,137,48,120,205,274,93
1,484,33,291,301,388,286,110,305,176,184,135,48,120,205,274,93
1,484,33,291,303,388,286,110,305,176,184,135,50,120,205,274,93
1,484,33,291,303,390,286,110,305,176,184,135,50,121,205,274,93
1,484,33,291,303,390,286,108,305,176,184,135,50,121,205,272,93
1,484,33,291,303,390,286,108,307,176,184,135,50,121,205,272,95
1,487,33,291,303,390,286,108,307,177,184,135,50,121,205,272,95
1,487,34,294,303,390,286,108,307,177,185,139,50,121,205,272,95
1,487,34,294,296,390,286,108,307,177,185,139,43,121,205,272,95
1,487,34,294,296,389,286,108,307,177,185,139,43,119,205,272,95
1,487,34,294,296,389,286,107,307,177,185,139,43,119,205,272,95
1,487,34,294,296,389,286,107,304,177,185,139,43,119,205,272,92
1,483,34,294,296,389,286,107,304,174,185,139,43,119,205,272,92
1,483,31,295,296,389,286,107,304,174,182,139,43,119,205,272,92
1,483,31,295,301,389,286,107,304,174,182,139,47,119,205,272,92
1,483,31,295,301,396,286,107,304,174,182,139,47,125,205,272,92
1,483,31,295,301,396,283,106,304,174,182,139,47,125,202,270,92
1,483,31,295,301,396,283,106,300,174,182,139,47,125,202,270,88
1,489,31,295,301,396,283,106,300,178,182,139,47,125,202,270,88
1,489,32,297,301,396,283,106,300,178,183,141,47,125,202,270,88
1,489,32,297,304,396,283,106,300,178,183,141,51,125,202,270,88
1,489,32,297,304,394,283,106,300,178,183,141,51,122,202,270,88
1,489,32,297,304,394,287,110,300,178,183,141,51,122,206,274,88
1,489,32,297,304,394,287,110,303,178,183,141,51,122,206,274,91
1,485,32,297,304,394,287,110,303,174,183,141,51,122,206,274,91
1,485,30,294,304,394,287,110,303,174,181,138,51,122,206,274,91
1,485,30,294,299,394,287,110,303,174,181,138,45,122,206,274,91
1,485,30,294,299,393,287,110,303,174,181,138,45,121,206,274,91
1,485,30,294,299,393,285,110,303,174,181,138,45,121,204,274,91
1,485,30,294,299,393,285,110,304,174,181,138,45,121,204,274,92
1,484,30,294,299,393,285,110,304,174,181,138,45,121,204,274,92
1,484,32,293,299,393,285,110,304,174,183,137,45,121,204,274,92
1,484,32,293,299,393,285,110,304,174,183,137,46,121,204,274,92
1,484,32,293,299,391,285,110,304,174,183,137,46,119,204,274,92
1,484,32,293,299,391,286,108,304,174,183,137,46,119,204,273,92
1,484,32,293,299,391,286,108,305,174,183,137,46,119,204,273,92
1,486,32,293,299,391,286,108,305,175,183,137,46,119,204,273,92
1,486,31,293,299,391,286,108,305,175,183,137,46,119,204,273,92
1,486,31,293,299,391,286,108,305,175,183,137,46,119,204,273,92
1,486,31,293,299,397,286,108,305,175,183,137,46,123,204,273,92
1,486,31,293,299,397,284,107,305,175,183,137,46,123,203,272,92
1,486,31,293,299,397,284,107,303,175,183,137,46,123,203,272,89
1,487,31,293,299,397,284,107,303,176,183,137,46,123,203,272,89
1,487,33,297,299,397,284,107,303,176,185,141,46,123,203,272,89
1,487,33,297,299,397,284,107,303,176,185,141,45,123,203,272,89
1,487,33,297,299,392,284,107,303,176,185,141,45,118,203,272,89
1,487,33,297,299,392,284,110,303,176,185,141,45,118,202,276,89
1,487,33,297,299,392,284,110,307,176,185,141,45,118,202,276,93
1,487,33,297,299,392,284,110,307,177,185,141,45,118,202,276,93
1,487,32,292,299,392,284,110,307,177,185,136,45,118,202,276,93
1,487,32,292,304,392,284,110,307,177,185,136,50,118,202,276,93
1,487,32,292,304,393,284,110,307,177,185,136,50,119,202,276,93
1,487,32,292,304,393,282,112,307,177,185,136,50,119,201,277,93
1,487,32,292,304,393,282,112,303,177,185,136,50,119,201,277,88
1,486,32,292,304,393,282,112,303,175,185,136,50,119,201,277,88
1,486,30,298,304,393,282,112,303,175,182,141,50,119,201,277,88
1,486,30,298,300,393,282,112,303,175,182,141,46,119,201,277,88
1,486,30,298,300,399,282,112,303,175,182,141,46,124,201,277,88
1,486,30,298,300,399,290,110,303,175,182,141,46,124,208,276,88
1,486,30,298,300,399,290,110,307,175,182,141,46,124,208,276,93
1,488,30,298,300,399,290,110,307,177,182,141,46,124,208,276,93
1,488,34,291,300,399,290,110,307,177,187,134,46,124,208,276,93
1,488,34,291,304,399,290,110,307,177,187,134,49,124,208,276,93
1,488,34,291,304,396,290,110,307,177,187,134,49,121,208,276,93
1,488,34,291,304,396,285,111,307,177,187,134,49,121,203,276,93
1,488,34,291,304,396,285,111,305,177,187,134,49,121,203,276,90
1,484,34,291,304,396,285,111,305,173,187,134,49,121,203,276,90
1,484,34,299,304,396,285,111,305,173,187,142,49,121,203,276,90
1,484,34,299,301,396,285,111,305,173,187,142,46,121,203,276,90
1,484,34,299,301,396,285,111,305,173,187,142,46,120,203,276,90
1,484,34,299,301,396,288,111,305,173,187,142,46,120,207,276,90
1,484,34,299,301,396,288,111,305,173,187,142,46,120,207,276,90
1,489,34,299,301,396,288,111,305,177,187,142,46,120,207,276,90
1,489,29,298,301,396,288,111,305,177,182,141,46,120,207,276,90
1,489,29,298,300,396,288,111,305,177,182,141,46,120,207,276,90
1,489,29,298,300,396,288,111,305,177,182,141,46,120,207,276,90
1,489,29,298,300,396,289,106,305,177,182,141,46,120,207,272,90
1,489,29,298,300,396,289,106,308,177,182,141,46,120,207,272,93
1,488,29,298,300,396,289,106,308,176,182,141,46,120,207,272,93
1,488,32,297,300,396,289,106,308,176,186,141,46,120,207,272,93
1,488,32,297,304,396,289,106,308,176,186,141,49,120,207,272,93
1,488,32,297,304,396,289,106,308,176,186,141,49,119,207,272,93
1,488,32,297,304,396,288,112,308,176,186,141,49,119,206,277,93
1,488,32,297,304,396,288,112,307,176,186,141,49,119,206,277,91
1,490,32,297,304,396,288,112,307,178,186,141,49,119,206,277,91
1,490,31,294,304,396,288,112,307,178,185,137,49,119,206,277,91
1,490,31,294,301,396,288,112,307,178,185,137,47,119,206,277,91
1,490,31,294,301,399,288,112,307,178,185,137,47,122,206,277,91
1,490,31,294,301,399,288,113,307,178,185,137,47,122,206,279,91
1,490,31,294,301,399,288,113,307,178,185,137,47,122,206,279,92
1,489,31,294,301,399,288,113,307,178,185,137,47,122,206,279,92
1,489,34,296,301,399,288,113,307,178,188,139,47,122,206,279,92
1,489,34,296,299,399,288,113,307,178,188,139,44,122,206,279,92
1,489,34,296,299,396,288,113,307,178,188,139,44,119,206,279,92
1,489,34,296,299,396,285,111,307,178,188,139,44,119,203,277,92
1,489,34,296,299,396,285,111,307,178,188,139,44,119,203,277,90
1,485,34,296,299,396,285,111,307,173,188,139,44,119,203,277,90
1,485,31,299,299,396,285,111,307,173,186,142,44,119,203,277,90
1,485,31,299,303,396,285,111,307,173,186,142,47,119,203,277,90
1,485,31,299,303,395,285,111,307,173,186,142,47,118,203,277,90
1,485,31,299,303,395,289,105,307,173,186,142,47,118,207,271,90
1,485,31,299,303,395,289,105,307,173,186,142,47,118,207,271,91
1,488,31,299,303,395,289,105,307,176,186,142,47,118,207,271,91
1,488,34,298,303,395,289,105,307,176,189,141,47,118,207,271,91
1,488,34,298,304,395,289,105,307,176,189,141,48,118,207,271,91
1,488,34,298,304,402,289,105,307,176,189,141,48,124,207,271,91
1,488,34,298,304,402,287,107,307,176,189,141,48,124,205,273,91
1,488,34,298,304,402,287,107,310,176,189,141,48,124,205,273,93
1,492,34,298,304,402,287,107,310,179,189,141,48,124,205,273,93
1,492,35,292,304,402,287,107,310,179,190,136,48,124,205,273,93
1,492,35,292,300,402,287,107,310,179,190,136,45,124,205,273,93
1,492,35,292,300,399,287,107,310,179,190,136,45,121,205,273,93
1,492,35,292,300,399,290,108,310,179,190,136,45,121,208,274,93
1,492,35,292,300,399,290,108,304,179,190,136,45,121,208,274,88
1,491,35,292,300,399,290,108,304,178,190,136,45,121,208,274,88
1,491,30,293,300,399,290,108,304,178,186,136,45,121,208,274,88
1,491,30,293,305,399,290,108,304,178,186,136,49,121,208,274,88
1,491,30,293,305,399,290,108,304,178,186,136,49,121,208,274,88
1,491,30,293,305,399,285,110,304,178,186,136,49,121,203,275,88
1,491,30,293,305,399,285,110,308,178,186,136,49,121,203,275,91
1,491,30,293,305,399,285,110,308,179,186,136,49,121,203,275,91
1,491,33,299,305,399,285,110,308,179,189,142,49,121,203,275,91
1,491,33,299,306,399,285,110,308,179,189,142,50,121,203,275,91
1,491,33,299,306,397,285,110,308,179,189,142,50,119,203,275,91
1,491,33,299,306,397,289,113,308,179,189,142,50,119,207,279,91
1,491,33,299,306,397,289,113,308,179,189,142,50,119,207,279,91
1,486,33,299,306,397,289,113,308,175,189,142,50,119,207,279,91
1,486,33,299,306,397,289,113,308,175,189,142,50,119,207,279,91
1,486,33,299,302,397,289,113,308,175,189,142,46,119,207,279,91
1,486,33,299,302,402,289,113,308,175,189,142,46,123,207,279,91
1,486,33,299,302,402,291,111,308,175,189,142,46,123,209,277,91
1,486,33,299,302,402,291,111,309,175,189,142,46,123,209,277,92
1,489,33,299,302,402,291,111,309,177,189,142,46,123,209,277,92
1,489,35,297,302,402,291,111,309,177,191,140,46,123,209,277,92
1,489,35,297,301,402,291,111,309,177,191,140,46,123,209,277,92
1,489,35,297,301,402,291,111,309,177,191,140,46,123,209,277,92
1,489,35,297,301,402,289,108,309,177,191,140,46,123,207,274,92
1,489,35,297,301,402,289,108,311,177,191,140,46,123,207,274,94
1,491,35,297,301,402,289,108,311,179,191,140,46,123,207,274,94
1,491,34,299,301,402,289,108,311,179,190,142,46,123,207,274,94
1,491,34,299,305,402,289,108,311,179,190,142,49,123,207,274,94
1,491,34,299,305,405,289,108,311,179,190,142,49,125,207,274,94
1,491,34,299,305,405,289,110,311,179,190,142,49,125,206,275,94
1,491,34,299,305,405,289,110,311,179,190,142,49,125,206,275,94
1,492,34,299,305,405,289,110,311,180,190,142,49,125,206,275,94
1,492,33,299,305,405,289,110,311,180,191,142,49,125,206,275,94
1,492,33,299,302,405,289,110,311,180,191,142,46,125,206,275,94
1,492,33,299,302,404,289,110,311,180,191,142,46,124,206,275,94
1,492,33,299,302,404,287,113,311,180,191,142,46,124,205,279,94
1,492,33,299,302,404,287,113,309,180,191,142,46,124,205,279,91
1,487,33,299,302,404,287,113,309,176,191,142,46,124,205,279,91
1,487,30,295,302,404,287,113,309,176,188,138,46,124,205,279,91
1,487,30,295,305,404,287,113,309,176,188,138,49,124,205,279,91
1,487,30,295,305,403,287,113,309,176,188,138,49,123,205,279,91
1,487,30,295,305,403,285,109,309,176,188,138,49,123,203,275,91
1,487,30,295,305,403,285,109,309,176,188,138,49,123,203,275,91
1,489,30,295,305,403,285,109,309,176,188,138,49,123,203,275,91
1,489,35,299,305,403,285,109,309,176,192,141,49,123,203,275,91
1,489,35,299,305,403,285,109,309,176,192,141,48,123,203,275,91
1,489,35,299,305,404,285,109,309,176,192,141,48,124,203,275,91
1,489,35,299,305,404,287,107,309,176,192,141,48,124,205,273,91
1,489,35,299,305,404,287,107,310,176,192,141,48,124,205,273,92
1,488,35,299,305,404,287,107,310,176,192,141,48,124,205,273,92
1,488,31,298,305,404,287,107,310,176,188,140,48,124,205,273,92
1,488,31,298,304,404,287,107,310,176,188,140,48,124,205,273,92
1,488,31,298,304,400,287,107,310,176,188,140,48,119,205,273,92
1,488,31,298,304,400,290,112,310,176,188,140,48,119,208,279,92
1,488,31,298,304,400,290,112,309,176,188,140,48,119,208,279,92
1,492,31,298,304,400,290,112,309,179,188,140,48,119,208,279,92
1,492,34,297,304,400,290,112,309,179,191,139,48,119,208,279,92
1,492,34,297,301,400,290,112,309,179,191,139,45,119,208,279,92
1,492,34,297,301,403,290,112,309,179,191,139,45,123,208,279,92
1,492,34,297,301,403,290,113,309,179,191,139,45,123,208,279,92
1,492,34,297,301,403,290,113,310,179,191,139,45,123,208,279,92
1,489,34,297,301,403,290,113,310,176,191,139,45,123,208,279,92
1,489,34,298,301,403,290,113,310,176,192,140,45,123,208,279,92
1,489,34,298,302,403,290,113,310,176,192,140,46,123,208,279,92
1,489,34,298,302,401,290,113,310,176,192,140,46,119,208,279,92
1,489,34,298,302,401,286,111,310,176,192,140,46,119,204,277,92
1,489,34,298,302,401,286,111,310,176,192,140,46,119,204,277,92
1,492,34,298,302,401,286,111,310,179,192,140,46,119,204,277,92
1,492,35,299,302,401,286,111,310,179,194,142,46,119,204,277,92
1,492,35,299,305,401,286,111,310,179,194,142,50,119,204,277,92
1,492,35,299,305,399,286,111,310,179,194,142,50,118,204,277,92
1,492,35,299,305,399,289,111,310,179,194,142,50,118,206,278,92
1,492,35,299,305,399,289,111,310,179,194,142,50,118,206,278,92
1,489,35,299,305,399,289,111,310,176,194,142,50,118,206,278,92
1,489,31,296,305,399,289,111,310,176,190,138,50,118,206,278,92
1,489,31,296,303,399,289,111,310,176,190,138,48,118,206,278,92
1,489,31,296,303,404,289,111,310,176,190,138,48,123,206,278,92
1,489,31,296,303,404,291,112,310,176,190,138,48,123,209,278,92
1,489,31,296,303,404,291,112,311,176,190,138,48,123,209,278,93
1,490,31,296,303,404,291,112,311,177,190,138,48,123,209,278,93
1,490,30,294,303,404,291,112,311,177,189,136,48,123,209,278,93
1,490,30,294,302,404,291,112,311,177,189,136,45,123,209,278,93
1,490,30,294,302,401,291,112,311,177,189,136,45,120,209,278,93
1,490,30,294,302,401,288,108,311,177,189,136,45,120,206,274,93
1,490,30,294,302,401,288,108,311,177,189,136,45,120,206,274,92
1,493,30,294,302,401,288,108,311,178,189,136,45,120,206,274,92
1,493,34,297,302,401,288,108,311,178,193,140,45,120,206,274,92
1,493,34,297,305,401,288,108,311,178,193,140,48,120,206,274,92
1,493,34,297,305,400,288,108,311,178,193,140,48,118,206,274,92
1,493,34,297,305,400,290,112,311,178,193,140,48,118,208,279,92
1,493,34,297,305,400,290,112,315,178,193,140,48,118,208,279,95
1,493,34,297,305,400,290,112,315,180,193,140,48,118,208,279,95
1,493,30,299,305,400,290,112,315,180,189,142,48,118,208,279,95
1,493,30,299,305,400,290,112,315,180,189,142,49,118,208,279,95
1,493,30,299,305,407,290,112,315,180,189,142,49,125,208,279,95
1,493,30,299,305,407,292,113,315,180,189,142,49,125,209,279,95
1,493,30,299,305,407,292,113,311,180,189,142,49,125,209,279,92
1,495,30,299,305,407,292,113,311,181,189,142,49,125,209,279,92
1,495,33,299,305,407,292,113,311,181,193,141,49,125,209,279,92
1,495,33,299,302,407,292,113,311,181,193,141,45,125,209,279,92
1,495,33,299,302,402,292,113,311,181,193,141,45,121,209,279,92
1,495,33,299,302,402,288,110,311,181,193,141,45,121,205,277,92
1,495,33,299,302,402,288,110,314,181,193,141,45,121,205,277,94
1,493,33,299,302,402,288,110,314,178,193,141,45,121,205,277,94
1,493,33,297,302,402,288,110,314,178,193,139,45,121,205,277,94
1,493,33,297,303,402,288,110,314,178,193,139,46,121,205,277,94
1,493,33,297,303,405,288,110,314,178,193,139,46,123,205,277,94
1,493,33,297,303,405,291,113,314,178,193,139,46,123,209,279,94
1,493,33,297,303,405,291,113,312,178,193,139,46,123,209,279,92
1,491,33,297,303,405,291,113,312,178,193,139,46,123,209,279,92
1,491,32,300,303,405,291,113,312,178,192,142,46,123,209,279,92
1,491,32,300,307,405,291,113,312,178,192,142,50,123,209,279,92
1,491,32,300,307,404,291,113,312,178,192,142,50,122,209,279,92
1,491,32,300,307,404,289,113,312,178,192,142,50,122,206,279,92
1,491,32,300,307,404,289,113,313,178,192,142,50,122,206,279,93
1,495,32,300,307,404,289,113,313,181,192,142,50,122,206,279,93
1,495,33,299,307,404,289,113,313,181,194,141,50,122,206,279,93
1,495,33,299,303,404,289,113,313,181,194,141,46,122,206,279,93
1,495,33,299,303,405,289,113,313,181,194,141,46,122,206,279,93
1,495,33,299,303,405,289,109,313,181,194,141,46,122,207,276,93
1,495,33,299,303,405,289,109,308,181,194,141,46,122,207,276,88
1,489,33,299,303,405,289,109,308,175,194,141,46,122,207,276,88
1,489,30,296,303,405,289,109,308,175,190,138,46,122,207,276,88
1,489,30,296,306,405,289,109,308,175,190,138,49,122,207,276,88
1,489,30,296,306,406,289,109,308,175,190,138,49,123,207,276,88
1,489,30,296,306,406,291,111,308,175,190,138,49,123,208,278,88
1,489,30,296,306,406,291,111,314,175,190,138,49,123,208,278,93
1,492,30,296,306,406,291,111,314,178,190,138,49,123,208,278,93
1,492,30,299,306,406,291,111,314,178,192,141,49,123,208,278,93
1,492,30,299,306,406,291,111,314,178,192,141,49,123,208,278,93
1,492,30,299,306,404,291,111,314,178,192,141,49,121,208,278,93
1,492,30,299,306,404,291,111,314,178,192,141,49,121,208,278,93
1,492,30,299,306,404,291,111,312,178,192,141,49,121,208,278,91
1,490,30,299,306,404,291,111,312,176,192,141,49,121,208,278,91
1,490,35,296,306,404,291,111,312,176,196,137,49,121,208,278,91
1,490,35,296,304,404,291,111,312,176,196,137,46,121,208,278,91
1,490,35,296,304,406,291,111,312,176,196,137,46,122,208,278,91
1,490,35,296,304,406,290,113,312,176,196,137,46,122,207,280,91
1,490,35,296,304,406,290,113,311,176,196,137,46,122,207,280,90
1,494,35,296,304,406,290,113,311,180,196,137,46,122,207,280,90
1,494,36,298,304,406,290,113,311,180,197,139,46,122,207,280,90
1,494,36,298,307,406,290,113,311,180,197,139,50,122,207,280,90
1,494,36,298,307,401,290,113,311,180,197,139,50,118,207,280,90
1,494,36,298,307,401,288,112,311,180,197,139,50,118,204,278,90
1,494,36,298,307,401,288,112,310,180,197,139,50,118,204,278,90
1,496,36,298,307,401,288,112,310,182,197,139,50,118,204,278,90
1,496,32,301,307,401,288,112,310,182,194,142,50,118,204,278,90
1,496,32,301,301,401,288,112,310,182,194,142,44,118,204,278,90
1,496,32,301,301,406,288,112,310,182,194,142,44,122,204,278,90
1,496,32,301,301,406,288,110,310,182,194,142,44,122,204,277,90
1,496,32,301,301,406,288,110,314,182,194,142,44,122,204,277,93
1,490,32,301,301,406,288,110,314,177,194,142,44,122,204,277,93
1,490,36,299,301,406,288,110,314,177,197,141,44,122,204,277,93
1,490,36,299,302,406,288,110,314,177,197,141,45,122,204,277,93
1,490,36,299,302,405,288,110,314,177,197,141,45,122,204,277,93
1,490,36,299,302,405,292,112,314,177,197,141,45,122,209,279,93
1,490,36,299,302,405,292,112,314,177,197,141,45,122,209,279,93
1,494,36,299,302,405,292,112,314,179,197,141,45,122,209,279,93
1,494,34,296,302,405,292,112,314,179,196,138,45,122,209,279,93
1,494,34,296,307,405,292,112,314,179,196,138,50,122,209,279,93
1,494,34,296,307,404,292,112,314,179,196,138,50,121,209,279,93
1,494,34,296,307,404,292,109,314,179,196,138,50,121,209,276,93
1,494,34,296,307,404,292,109,315,179,196,138,50,121,209,276,94
1,496,34,296,307,404,292,109,315,182,196,138,50,121,209,276,94
1,496,35,300,307,404,292,109,315,182,197,142,50,121,209,276,94
1,496,35,300,304,404,292,109,315,182,197,142,47,121,209,276,94
1,496,35,300,304,408,292,109,315,182,197,142,47,124,209,276,94
1,496,35,300,304,408,287,113,315,182,197,142,47,124,205,280,94
1,496,35,300,304,408,287,113,316,182,197,142,47,124,205,280,94
1,496,35,300,304,408,287,113,316,182,197,142,47,124,205,280,94
1,496,35,299,304,408,287,113,316,182,198,141,47,124,205,280,94
1,496,35,299,302,408,287,113,316,182,198,141,45,124,205,280,94
1,496,35,299,302,403,287,113,316,182,198,141,45,120,205,280,94
1,496,35,299,302,403,288,111,316,182,198,141,45,120,205,279,94
1,496,35,299,302,403,288,111,316,182,198,141,45,120,205,279,93
1,497,35,299,302,403,288,111,316,183,198,141,45,120,205,279,93
1,497,29,297,302,403,288,111,316,183,193,139,45,120,205,279,93
1,497,29,297,304,403,288,111,316,183,193,139,46,120,205,279,93
1,497,29,297,304,406,288,111,316,183,193,139,46,122,205,279,93
1,497,29,297,304,406,292,110,316,183,193,139,46,122,209,278,93
1,497,29,297,304,406,292,110,311,183,193,139,46,122,209,278,90
1,491,29,297,304,406,292,110,311,177,193,139,46,122,209,278,90
1,491,27,297,304,406,292,110,311,177,191,138,46,122,209,278,90
1,491,27,297,308,406,292,110,311,177,191,138,50,122,209,278,90
1,491,27,297,308,406,292,110,311,177,191,138,50,123,209,278,90
1,491,27,297,308,406,293,108,311,177,191,138,50,123,210,276,90
1,491,27,297,308,406,293,108,315,177,191,138,50,123,210,276,93
1,491,27,297,308,406,293,108,315,177,191,138,50,123,210,276,93
1,491,33,296,308,406,293,108,315,177,196,137,50,123,210,276,93
1,491,33,296,308,406,293,108,315,177,196,137,50,123,210,276,93
1,491,33,296,308,403,293,108,315,177,196,137,50,120,210,276,93
1,491,33,296,308,403,291,109,315,177,196,137,50,120,208,276,93
1,491,33,296,308,403,291,109,315,177,196,137,50,120,208,276,92
1,493,33,296,308,403,291,109,315,180,196,137,50,120,208,276,92
1,493,33,296,308,403,291,109,315,180,197,137,50,120,208,276,92
1,493,33,296,305,403,291,109,315,180,197,137,47,120,208,276,92
1,493,33,296,305,404,291,109,315,180,197,137,47,120,208,276,92
1,493,33,296,305,404,294,110,315,180,197,137,47,120,211,278,92
1,493,33,296,305,404,294,110,313,180,197,137,47,120,211,278,91
1,496,33,296,305,404,294,110,313,181,197,137,47,120,211,278,91
1,496,32,298,305,404,294,110,313,181,196,139,47,120,211,278,91
1,496,32,298,309,404,294,110,313,181,196,139,50,120,211,278,91
1,496,32,298,309,408,294,110,313,181,196,139,50,123,211,278,91
1,496,32,298,309,408,287,113,313,181,196,139,50,123,204,281,91
1,496,32,298,309,408,287,113,311,181,196,139,50,123,204,281,90
1,492,32,298,309,408,287,113,311,177,196,139,50,123,204,281,90
1,492,34,301,309,408,287,113,311,177,199,142,50,123,204,281,90
1,492,34,301,306,408,287,113,311,177,199,142,48,123,204,281,90
1,492,34,301,306,404,287,113,311,177,199,142,48,120,204,281,90
1,492,34,301,306,404,289,109,311,177,199,142,48,120,206,277,90
1,492,34,301,306,404,289,109,311,177,199,142,48,120,206,277,89
1,492,34,301,306,404,289,109,311,179,199,142,48,120,206,277,89
1,492,34,302,306,404,289,109,311,179,198,143,48,120,206,277,89
1,492,34,302,306,404,289,109,311,179,198,143,48,120,206,277,89
1,492,34,302,306,408,289,109,311,179,198,143,48,124,206,277,89
1,492,34,302,306,408,288,111,311,179,198,143,48,124,205,278,89
1,492,34,302,306,408,288,111,311,179,198,143,48,124,205,278,89
1,492,34,302,306,408,288,111,311,178,198,143,48,124,205,278,89
1,492,33,297,306,408,288,111,311,178,198,138,48,124,205,278,89
1,492,33,297,304,408,288,111,311,178,198,138,46,124,205,278,89
1,492,33,297,304,407,288,111,311,178,198,138,46,122,205,278,89
1,492,33,297,304,407,289,111,311,178,198,138,46,122,206,278,89
1,492,33,297,304,407,289,111,312,178,198,138,46,122,206,278,90
1,494,33,297,304,407,289,111,312,181,198,138,46,122,206,278,90
1,494,33,299,304,407,289,111,312,181,198,140,46,122,206,278,90
1,494,33,299,304,407,289,111,312,181,198,140,46,122,206,278,90
1,494,33,299,304,403,289,111,312,181,198,140,46,118,206,278,90
1,494,33,299,304,403,289,109,312,181,198,140,46,118,206,276,90
1,494,33,299,304,403,289,109,315,181,198,140,46,118,206,276,93
1,496,33,299,304,403,289,109,315,181,198,140,46,118,206,276,93
1,496,35,303,304,403,289,109,315,181,201,144,46,118,206,276,93
1,496,35,303,306,403,289,109,315,181,201,144,48,118,206,276,93
1,496,35,303,306,407,289,109,315,181,201,144,48,122,206,276,93
1,496,35,303,306,407,289,109,315,181,201,144,48,122,206,276,93
1,496,35,303,306,407,289,109,314,181,201,144,48,122,206,276,91
1,496,35,303,306,407,289,109,314,181,201,144,48,122,206,276,91
1,496,35,299,306,407,289,109,314,181,200,140,48,122,206,276,91
1,496,35,299,304,407,289,109,314,181,200,140,46,122,206,276,91
1,496,35,299,304,411,289,109,314,181,200,140,46,126,206,276,91
1,496,35,299,304,411,292,111,314,181,200,140,46,126,209,278,91
1,496,35,299,304,411,292,111,313,181,200,140,46,126,209,278,90
1,495,35,299,304,411,292,111,313,180,200,140,46,126,209,278,90
1,495,34,300,304,411,292,111,313,180,199,141,46,126,209,278,90
1,495,34,300,306,411,292,111,313,180,199,141,48,126,209,278,90
1,495,34,300,306,409,292,111,313,180,199,141,48,124,209,278,90
1,495,34,300,306,409,291,110,313,180,199,141,48,124,207,277,90
1,495,34,300,306,409,291,110,315,180,199,141,48,124,207,277,92
1,497,34,300,306,409,291,110,315,182,199,141,48,124,207,277,92
1,497,31,298,306,409,291,110,315,182,196,139,48,124,207,277,92
1,497,31,298,304,409,291,110,315,182,196,139,45,124,207,277,92
1,497,31,298,304,407,291,110,315,182,196,139,45,122,207,277,92
1,497,31,298,304,407,291,112,315,182,196,139,45,122,208,280,92
1,497,31,298,304,407,291,112,316,182,196,139,45,122,208,280,92
1,497,31,298,304,407,291,112,316,182,196,139,45,122,208,280,92
1,497,33,298,304,407,291,112,316,182,199,139,45,122,208,280,92
1,497,33,298,304,407,291,112,316,182,199,139,45,122,208,280,92
1,497,33,298,304,410,291,112,316,182,199,139,45,124,208,280,92
1,497,33,298,304,410,292,109,316,182,199,139,45,124,208,277,92
1,497,33,298,304,410,292,109,315,182,199,139,45,124,208,277,91
1,499,33,298,304,410,292,109,315,183,199,139,45,124,208,277,91
1,499,33,300,304,410,292,109,315,183,199,141,45,124,208,277,91
1,499,33,300,305,410,292,109,315,183,199,141,46,124,208,277,91
1,499,33,300,305,412,292,109,315,183,199,141,46,125,208,277,91
1,499,33,300,305,412,291,114,315,183,199,141,46,125,208,282,91
1,499,33,300,305,412,291,114,319,183,199,141,46,125,208,282,94
1,496,33,300,305,412,291,114,319,181,199,141,46,125,208,282,94
1,496,35,299,305,412,291,114,319,181,202,140,46,125,208,282,94
1,496,35,299,308,412,291,114,319,181,202,140,49,125,208,282,94
1,496,35,299,308,411,291,114,319,181,202,140,49,124,208,282,94
1,496,35,299,308,411,291,111,319,181,202,140,49,124,207,279,94
1,496,35,299,308,411,291,111,315,181,202,140,49,124,207,279,91
1,493,35,299,308,411,291,111,315,179,202,140,49,124,207,279,91
1,493,30,302,308,411,291,111,315,179,197,142,49,124,207,279,91
1,493,30,302,303,411,291,111,315,179,197,142,45,124,207,279,91
1,493,30,302,303,408,291,111,315,179,197,142,45,123,207,279,91
1,493,30,302,303,408,291,114,315,179,197,142,45,123,207,282,91
1,493,30,302,303,408,291,114,317,179,197,142,45,123,207,282,92
1,497,30,302,303,408,291,114,317,181,197,142,45,123,207,282,92
1,497,31,300,303,408,291,114,317,181,198,141,45,123,207,282,92
1,497,31,300,305,408,291,114,317,181,198,141,46,123,207,282,92
1,497,31,300,305,410,291,114,317,181,198,141,46,123,207,282,92
1,497,31,300,305,410,290,114,317,181,198,141,46,123,206,282,92
1,497,31,300,305,410,290,114,320,181,198,141,46,123,206,282,95
1,495,31,300,305,410,290,114,320,180,198,141,46,123,206,282,95
1,495,32,301,305,410,290,114,320,180,199,141,46,123,206,282,95
1,495,32,301,304,410,290,114,320,180,199,141,45,123,206,282,95
1,495,32,301,304,406,290,114,320,180,199,141,45,121,206,282,95
1,495,32,301,304,406,292,109,320,180,199,141,45,121,208,277,95
1,495,32,301,304,406,292,109,316,180,199,141,45,121,208,277,92
1,498,32,301,304,406,292,109,316,182,199,141,45,121,208,277,92
1,498,36,300,304,406,292,109,316,182,202,141,45,121,208,277,92
1,498,36,300,308,406,292,109,316,182,202,141,48,121,208,277,92
1,498,36,300,308,407,292,109,316,182,202,141,48,121,208,277,92
1,498,36,300,308,407,290,112,316,182,202,141,48,121,207,280,92
1,498,36,300,308,407,290,112,316,182,202,141,48,121,207,280,91
1,498,36,300,308,407,290,112,316,181,202,141,48,121,207,280,91
1,498,36,299,308,407,290,112,316,181,203,140,48,121,207,280,91
1,498,36,299,307,407,290,112,316,181,203,140,47,121,207,280,91
1,498,36,299,307,412,290,112,316,181,203,140,47,125,207,280,91
1,498,36,299,307,412,294,111,316,181,203,140,47,125,210,279,91
1,498,36,299,307,412,294,111,316,181,203,140,47,125,210,279,91
1,499,36,299,307,412,294,111,316,183,203,140,47,125,210,279,91
1,499,34,303,307,412,294,111,316,183,201,144,47,125,210,279,91
1,499,34,303,305,412,294,111,316,183,201,144,45,125,210,279,91
1,499,34,303,305,412,294,111,316,183,201,144,45,125,210,279,91
1,499,34,303,305,412,289,109,316,183,201,144,45,125,205,277,91
1,499,34,303,305,412,289,109,320,183,201,144,45,125,205,277,95
1,499,34,303,305,412,289,109,320,182,201,144,45,125,205,277,95
1,499,34,296,305,412,289,109,320,182,202,137,45,125,205,277,95
1,499,34,296,310,412,289,109,320,182,202,137,51,125,205,277,95
1,499,34,296,310,408,289,109,320,182,202,137,51,121,205,277,95
1,499,34,296,310,408,289,114,320,182,202,137,51,121,205,282,95
1,499,34,296,310,408,289,114,316,182,202,137,51,121,205,282,91
1,499,34,296,310,408,289,114,316,182,202,137,51,121,205,282,91
1,499,35,300,310,408,289,114,316,182,203,141,51,121,205,282,91
1,499,35,300,306,408,289,114,316,182,203,141,46,121,205,282,91
1,499,35,300,306,409,289,114,316,182,203,141,46,122,205,282,91
1,499,35,300,306,409,289,111,316,182,203,141,46,122,206,279,91
1,499,35,300,306,409,289,111,314,182,203,141,46,122,206,279,88
1,496,35,300,306,409,289,111,314,180,203,141,46,122,206,279,88
1,496,34,302,306,409,289,111,314,180,202,142,46,122,206,279,88
1,496,34,302,309,409,289,111,314,180,202,142,49,122,206,279,88
1,496,34,302,309,410,289,111,314,180,202,142,49,122,206,279,88
1,496,34,302,309,410,290,110,314,180,202,142,49,122,207,278,88
1,496,34,302,309,410,290,110,321,180,202,142,49,122,207,278,95
1,497,34,302,309,410,290,110,321,181,202,142,49,122,207,278,95
1,497,31,298,309,410,290,110,321,181,199,139,49,122,207,278,95
1,497,31,298,307,410,290,110,321,181,199,139,47,122,207,278,95
1,497,31,298,307,411,290,110,321,181,199,139,47,123,207,278,95
1,497,31,298,307,411,294,107,321,181,199,139,47,123,210,276,95
1,497,31,298,307,411,294,107,321,181,199,139,47,123,210,276,95
1,499,31,298,307,411,294,107,321,183,199,139,47,123,210,276,95
1,499,36,302,307,411,294,107,321,183,204,141,47,123,210,276,95
1,499,36,302,306,411,294,107,321,183,204,141,46,123,210,276,95
1,499,36,302,306,409,294,107,321,183,204,141,46,121,210,276,95
1,499,36,302,306,409,292,112,321,183,204,141,46,121,208,281,95
1,499,36,302,306,409,292,112,319,183,204,141,46,121,208,281,94
1,498,36,302,306,409,292,112,319,182,204,141,46,121,208,281,94
1,498,32,298,306,409,292,112,319,182,200,139,46,121,208,281,94
1,498,32,298,307,409,292,112,319,182,200,139,47,121,208,281,94
1,498,32,298,307,409,292,112,319,182,200,139,47,121,208,281,94
1,498,32,298,307,409,294,113,319,182,200,139,47,121,210,282,94
1,498,32,298,307,409,294,113,319,182,200,139,47,121,210,282,93
1,500,32,298,307,409,294,113,319,184,200,139,47,121,210,282,93
1,500,29,299,307,409,294,113,319,184,198,139,47,121,210,282,93
1,500,29,299,307,409,294,113,319,184,198,139,47,121,210,282,93
1,500,29,299,307,408,294,113,319,184,198,139,47,120,210,282,93
1,500,29,299,307,408,294,111,319,184,198,139,47,120,210,279,93
1,500,29,299,307,408,294,111,316,184,198,139,47,120,210,279,90
1,500,29,299,307,408,294,111,316,183,198,139,47,120,210,279,90
1,500,34,302,307,408,294,111,316,183,202,142,47,120,210,279,90
1,500,34,302,304,408,294,111,316,183,202,142,44,120,210,279,90
1,500,34,302,304,414,294,111,316,183,202,142,44,125,210,279,90
1,500,34,302,304,414,293,109,316,183,202,142,44,125,209,278,90
1,500,34,302,304,414,293,109,321,183,202,142,44,125,209,278,94
1,497,34,302,304,414,293,109,321,180,202,142,44,125,209,278,94
1,497,33,302,304,414,293,109,321,180,202,142,44,125,209,278,94
1,497,33,302,305,414,293,109,321,180,202,142,45,125,209,278,94
1,497,33,302,305,413,293,109,321,180,202,142,45,125,209,278,94
1,497,33,302,305,413,296,114,321,180,202,142,45,125,212,283,94
1,497,33,302,305,413,296,114,320,180,202,142,45,125,212,283,93
1,496,33,302,305,413,296,114,320,179,202,142,45,125,212,283,93
1,496,32,302,305,413,296,114,320,179,201,142,45,125,212,283,93
1,496,32,302,308,413,296,114,320,179,201,142,48,125,212,283,93
1,496,32,302,308,412,296,114,320,179,201,142,48,123,212,283,93
1,496,32,302,308,412,290,109,320,179,201,142,48,123,205,277,93
1,496,32,302,308,412,290,109,319,179,201,142,48,123,205,277,92
1,497,32,302,308,412,290,109,319,179,201,142,48,123,205,277,92
1,497,34,303,308,412,290,109,319,179,203,143,48,123,205,277,92
1,497,34,303,310,412,290,109,319,179,203,143,50,123,205,277,92
