sample_index,time,temperature_kelvin,y_true,y_pred,property_name,feature_selection,fs_param
1,6.0,343.15,-4.76,-7.8896847,a*,cars,10
2,7.0,343.15,-5.46,-7.8896847,a*,cars,10
3,8.0,343.15,-6.73,-7.889685,a*,cars,10
4,3.0,343.15,-4.85,-7.8896856,a*,cars,10
5,4.0,343.15,-4.22,-7.8896847,a*,cars,10
6,5.0,343.15,-5.18,-7.8896837,a*,cars,10
7,6.0,343.15,-3.49,-7.8896847,a*,cars,10
8,7.0,343.15,-4.59,-7.8896847,a*,cars,10
9,8.0,343.15,-4.94,-7.889685,a*,cars,10
10,3.0,343.15,-7.94,-7.8896847,a*,cars,10
11,4.0,343.15,-6.49,-7.889685,a*,cars,10
12,5.0,343.15,-7.37,-7.8896856,a*,cars,10
13,6.0,343.15,-6.31,-7.8896847,a*,cars,10
14,7.0,343.15,-9.78,-7.889685,a*,cars,10
15,8.0,343.15,-8.75,-7.8896847,a*,cars,10
16,3.0,353.15,-7.78,-7.8896847,a*,cars,10
17,4.0,353.15,-4.97,-7.8896847,a*,cars,10
18,5.0,353.15,-5.65,-7.8896847,a*,cars,10
19,6.0,353.15,-5.27,-7.8896847,a*,cars,10
20,7.0,353.15,-4.15,-7.889685,a*,cars,10
21,8.0,353.15,-4.81,-7.8896856,a*,cars,10
22,9.0,353.15,-4.63,-7.8896856,a*,cars,10
23,3.0,353.15,-7.54,-7.8896856,a*,cars,10
24,4.0,353.15,-6.39,-7.8896856,a*,cars,10
25,5.0,353.15,-6.03,-7.8896856,a*,cars,10
26,6.0,353.15,-6.34,-7.8896856,a*,cars,10
27,7.0,353.15,-6.02,-7.8896856,a*,cars,10
28,8.0,353.15,-6.56,-7.8896847,a*,cars,10
29,9.0,353.15,-9.13,-7.889685,a*,cars,10
30,3.0,353.15,-8.33,-7.8896856,a*,cars,10
31,4.0,353.15,-4.86,-7.8896847,a*,cars,10
32,5.0,353.15,-5.58,-7.889685,a*,cars,10
33,6.0,353.15,-6.25,-7.889685,a*,cars,10
34,7.0,353.15,-5.31,-7.8896856,a*,cars,10
35,8.0,353.15,-5.5,-7.8896856,a*,cars,10
36,9.0,353.15,-5.18,-7.8896856,a*,cars,10
37,6.0,363.15,-5.03,-7.889686,a*,cars,10
38,7.0,363.15,-5.75,-7.8896856,a*,cars,10
39,8.0,363.15,-5.26,-7.889685,a*,cars,10
40,9.0,363.15,-4.94,-7.889685,a*,cars,10
41,6.0,363.15,-5.31,-7.889685,a*,cars,10
42,7.0,363.15,-4.5,-7.8896856,a*,cars,10
43,8.0,363.15,-5.02,-7.889686,a*,cars,10
44,9.0,363.15,-5.5,-7.889686,a*,cars,10
45,3.0,363.15,-11.73,-7.8896856,a*,cars,10
46,4.0,363.15,-12.13,-7.8896856,a*,cars,10
47,5.0,363.15,-11.61,-7.8896856,a*,cars,10
48,6.0,363.15,-11.8,-7.8896856,a*,cars,10
49,7.0,363.15,-10.96,-7.8896856,a*,cars,10
50,8.0,363.15,-12.65,-7.8896856,a*,cars,10
51,9.0,363.15,-11.9,-7.889685,a*,cars,10
52,3.0,363.15,-5.8,-7.889684,a*,cars,10
53,4.0,363.15,-5.91,-7.8896856,a*,cars,10
54,5.0,363.15,-5.59,-7.8896856,a*,cars,10
55,6.0,363.15,-4.86,-7.8896847,a*,cars,10
56,7.0,363.15,-5.34,-7.8896847,a*,cars,10
57,8.0,363.15,-5.75,-7.8896847,a*,cars,10
58,9.0,363.15,-5.76,-7.8896856,a*,cars,10
1,6.0,343.15,-4.76,-7.8896503,a*,cars,20
2,7.0,343.15,-5.46,-7.8896503,a*,cars,20
3,8.0,343.15,-6.73,-7.8896503,a*,cars,20
4,3.0,343.15,-4.85,-7.8896527,a*,cars,20
5,4.0,343.15,-4.22,-7.8896523,a*,cars,20
6,5.0,343.15,-5.18,-7.889651,a*,cars,20
7,6.0,343.15,-3.49,-7.88965,a*,cars,20
8,7.0,343.15,-4.59,-7.8896503,a*,cars,20
9,8.0,343.15,-4.94,-7.889651,a*,cars,20
10,3.0,343.15,-7.94,-7.8896513,a*,cars,20
11,4.0,343.15,-6.49,-7.889652,a*,cars,20
12,5.0,343.15,-7.37,-7.889652,a*,cars,20
13,6.0,343.15,-6.31,-7.889652,a*,cars,20
14,7.0,343.15,-9.78,-7.8896513,a*,cars,20
15,8.0,343.15,-8.75,-7.88965,a*,cars,20
16,3.0,353.15,-7.78,-7.8896523,a*,cars,20
17,4.0,353.15,-4.97,-7.889651,a*,cars,20
18,5.0,353.15,-5.65,-7.889651,a*,cars,20
19,6.0,353.15,-5.27,-7.889651,a*,cars,20
20,7.0,353.15,-4.15,-7.8896513,a*,cars,20
21,8.0,353.15,-4.81,-7.889652,a*,cars,20
22,9.0,353.15,-4.63,-7.889652,a*,cars,20
23,3.0,353.15,-7.54,-7.889653,a*,cars,20
24,4.0,353.15,-6.39,-7.889653,a*,cars,20
25,5.0,353.15,-6.03,-7.889653,a*,cars,20
26,6.0,353.15,-6.34,-7.8896523,a*,cars,20
27,7.0,353.15,-6.02,-7.8896513,a*,cars,20
28,8.0,353.15,-6.56,-7.8896503,a*,cars,20
29,9.0,353.15,-9.13,-7.8896503,a*,cars,20
30,3.0,353.15,-8.33,-7.889653,a*,cars,20
31,4.0,353.15,-4.86,-7.8896513,a*,cars,20
32,5.0,353.15,-5.58,-7.889652,a*,cars,20
33,6.0,353.15,-6.25,-7.8896513,a*,cars,20
34,7.0,353.15,-5.31,-7.889652,a*,cars,20
35,8.0,353.15,-5.5,-7.889653,a*,cars,20
36,9.0,353.15,-5.18,-7.8896523,a*,cars,20
37,6.0,363.15,-5.03,-7.889653,a*,cars,20
38,7.0,363.15,-5.75,-7.8896527,a*,cars,20
39,8.0,363.15,-5.26,-7.88965,a*,cars,20
40,9.0,363.15,-4.94,-7.8896513,a*,cars,20
41,6.0,363.15,-5.31,-7.889652,a*,cars,20
42,7.0,363.15,-4.5,-7.8896523,a*,cars,20
43,8.0,363.15,-5.02,-7.8896527,a*,cars,20
44,9.0,363.15,-5.5,-7.8896523,a*,cars,20
45,3.0,363.15,-11.73,-7.8896537,a*,cars,20
46,4.0,363.15,-12.13,-7.8896527,a*,cars,20
47,5.0,363.15,-11.61,-7.8896537,a*,cars,20
48,6.0,363.15,-11.8,-7.8896523,a*,cars,20
49,7.0,363.15,-10.96,-7.889652,a*,cars,20
50,8.0,363.15,-12.65,-7.8896523,a*,cars,20
51,9.0,363.15,-11.9,-7.88965,a*,cars,20
52,3.0,363.15,-5.8,-7.8896513,a*,cars,20
53,4.0,363.15,-5.91,-7.8896537,a*,cars,20
54,5.0,363.15,-5.59,-7.889653,a*,cars,20
55,6.0,363.15,-4.86,-7.889651,a*,cars,20
56,7.0,363.15,-5.34,-7.8896513,a*,cars,20
57,8.0,363.15,-5.75,-7.8896503,a*,cars,20
58,9.0,363.15,-5.76,-7.889651,a*,cars,20
1,6.0,343.15,-4.76,-7.8896847,a*,cars,30
2,7.0,343.15,-5.46,-7.8896847,a*,cars,30
3,8.0,343.15,-6.73,-7.8896847,a*,cars,30
4,3.0,343.15,-4.85,-7.8896847,a*,cars,30
5,4.0,343.15,-4.22,-7.8896847,a*,cars,30
6,5.0,343.15,-5.18,-7.8896847,a*,cars,30
7,6.0,343.15,-3.49,-7.8896847,a*,cars,30
8,7.0,343.15,-4.59,-7.8896847,a*,cars,30
9,8.0,343.15,-4.94,-7.8896847,a*,cars,30
10,3.0,343.15,-7.94,-7.8896847,a*,cars,30
11,4.0,343.15,-6.49,-7.8896847,a*,cars,30
12,5.0,343.15,-7.37,-7.8896847,a*,cars,30
13,6.0,343.15,-6.31,-7.8896847,a*,cars,30
14,7.0,343.15,-9.78,-7.8896847,a*,cars,30
15,8.0,343.15,-8.75,-7.8896847,a*,cars,30
16,3.0,353.15,-7.78,-7.8896847,a*,cars,30
17,4.0,353.15,-4.97,-7.8896847,a*,cars,30
18,5.0,353.15,-5.65,-7.8896847,a*,cars,30
19,6.0,353.15,-5.27,-7.8896847,a*,cars,30
20,7.0,353.15,-4.15,-7.8896847,a*,cars,30
21,8.0,353.15,-4.81,-7.8896847,a*,cars,30
22,9.0,353.15,-4.63,-7.8896847,a*,cars,30
23,3.0,353.15,-7.54,-7.8896847,a*,cars,30
24,4.0,353.15,-6.39,-7.8896847,a*,cars,30
25,5.0,353.15,-6.03,-7.8896847,a*,cars,30
26,6.0,353.15,-6.34,-7.8896847,a*,cars,30
27,7.0,353.15,-6.02,-7.8896847,a*,cars,30
28,8.0,353.15,-6.56,-7.8896847,a*,cars,30
29,9.0,353.15,-9.13,-7.8896847,a*,cars,30
30,3.0,353.15,-8.33,-7.8896847,a*,cars,30
31,4.0,353.15,-4.86,-7.8896847,a*,cars,30
32,5.0,353.15,-5.58,-7.8896847,a*,cars,30
33,6.0,353.15,-6.25,-7.8896847,a*,cars,30
34,7.0,353.15,-5.31,-7.8896847,a*,cars,30
35,8.0,353.15,-5.5,-7.8896847,a*,cars,30
36,9.0,353.15,-5.18,-7.8896847,a*,cars,30
37,6.0,363.15,-5.03,-7.8896847,a*,cars,30
38,7.0,363.15,-5.75,-7.8896847,a*,cars,30
39,8.0,363.15,-5.26,-7.8896847,a*,cars,30
40,9.0,363.15,-4.94,-7.8896847,a*,cars,30
41,6.0,363.15,-5.31,-7.8896847,a*,cars,30
42,7.0,363.15,-4.5,-7.8896847,a*,cars,30
43,8.0,363.15,-5.02,-7.8896847,a*,cars,30
44,9.0,363.15,-5.5,-7.8896847,a*,cars,30
45,3.0,363.15,-11.73,-7.8896847,a*,cars,30
46,4.0,363.15,-12.13,-7.8896847,a*,cars,30
47,5.0,363.15,-11.61,-7.8896847,a*,cars,30
48,6.0,363.15,-11.8,-7.8896847,a*,cars,30
49,7.0,363.15,-10.96,-7.8896847,a*,cars,30
50,8.0,363.15,-12.65,-7.8896847,a*,cars,30
51,9.0,363.15,-11.9,-7.8896847,a*,cars,30
52,3.0,363.15,-5.8,-7.8896847,a*,cars,30
53,4.0,363.15,-5.91,-7.8896847,a*,cars,30
54,5.0,363.15,-5.59,-7.8896847,a*,cars,30
55,6.0,363.15,-4.86,-7.8896847,a*,cars,30
56,7.0,363.15,-5.34,-7.8896847,a*,cars,30
57,8.0,363.15,-5.75,-7.8896847,a*,cars,30
58,9.0,363.15,-5.76,-7.8896847,a*,cars,30
1,6.0,343.15,-4.76,-7.889685,a*,cars,40
2,7.0,343.15,-5.46,-7.889685,a*,cars,40
3,8.0,343.15,-6.73,-7.889685,a*,cars,40
4,3.0,343.15,-4.85,-7.889685,a*,cars,40
5,4.0,343.15,-4.22,-7.889685,a*,cars,40
6,5.0,343.15,-5.18,-7.889685,a*,cars,40
7,6.0,343.15,-3.49,-7.889685,a*,cars,40
8,7.0,343.15,-4.59,-7.889685,a*,cars,40
9,8.0,343.15,-4.94,-7.889685,a*,cars,40
10,3.0,343.15,-7.94,-7.889685,a*,cars,40
11,4.0,343.15,-6.49,-7.889685,a*,cars,40
12,5.0,343.15,-7.37,-7.889685,a*,cars,40
13,6.0,343.15,-6.31,-7.889685,a*,cars,40
14,7.0,343.15,-9.78,-7.889685,a*,cars,40
15,8.0,343.15,-8.75,-7.889685,a*,cars,40
16,3.0,353.15,-7.78,-7.889685,a*,cars,40
17,4.0,353.15,-4.97,-7.889685,a*,cars,40
18,5.0,353.15,-5.65,-7.889685,a*,cars,40
19,6.0,353.15,-5.27,-7.889685,a*,cars,40
20,7.0,353.15,-4.15,-7.889685,a*,cars,40
21,8.0,353.15,-4.81,-7.889685,a*,cars,40
22,9.0,353.15,-4.63,-7.889685,a*,cars,40
23,3.0,353.15,-7.54,-7.889685,a*,cars,40
24,4.0,353.15,-6.39,-7.889685,a*,cars,40
25,5.0,353.15,-6.03,-7.889685,a*,cars,40
26,6.0,353.15,-6.34,-7.889685,a*,cars,40
27,7.0,353.15,-6.02,-7.889685,a*,cars,40
28,8.0,353.15,-6.56,-7.889685,a*,cars,40
29,9.0,353.15,-9.13,-7.889685,a*,cars,40
30,3.0,353.15,-8.33,-7.889685,a*,cars,40
31,4.0,353.15,-4.86,-7.889685,a*,cars,40
32,5.0,353.15,-5.58,-7.889685,a*,cars,40
33,6.0,353.15,-6.25,-7.889685,a*,cars,40
34,7.0,353.15,-5.31,-7.889685,a*,cars,40
35,8.0,353.15,-5.5,-7.889685,a*,cars,40
36,9.0,353.15,-5.18,-7.889685,a*,cars,40
37,6.0,363.15,-5.03,-7.889685,a*,cars,40
38,7.0,363.15,-5.75,-7.889685,a*,cars,40
39,8.0,363.15,-5.26,-7.889685,a*,cars,40
40,9.0,363.15,-4.94,-7.889685,a*,cars,40
41,6.0,363.15,-5.31,-7.889685,a*,cars,40
42,7.0,363.15,-4.5,-7.889685,a*,cars,40
43,8.0,363.15,-5.02,-7.889685,a*,cars,40
44,9.0,363.15,-5.5,-7.889685,a*,cars,40
45,3.0,363.15,-11.73,-7.889685,a*,cars,40
46,4.0,363.15,-12.13,-7.889685,a*,cars,40
47,5.0,363.15,-11.61,-7.889685,a*,cars,40
48,6.0,363.15,-11.8,-7.889685,a*,cars,40
49,7.0,363.15,-10.96,-7.889685,a*,cars,40
50,8.0,363.15,-12.65,-7.889685,a*,cars,40
51,9.0,363.15,-11.9,-7.889685,a*,cars,40
52,3.0,363.15,-5.8,-7.889685,a*,cars,40
53,4.0,363.15,-5.91,-7.889685,a*,cars,40
54,5.0,363.15,-5.59,-7.889685,a*,cars,40
55,6.0,363.15,-4.86,-7.889685,a*,cars,40
56,7.0,363.15,-5.34,-7.889685,a*,cars,40
57,8.0,363.15,-5.75,-7.889685,a*,cars,40
58,9.0,363.15,-5.76,-7.889685,a*,cars,40
1,6.0,343.15,-4.76,-7.8898706,a*,pca,10
2,7.0,343.15,-5.46,-7.8898697,a*,pca,10
3,8.0,343.15,-6.73,-7.88987,a*,pca,10
4,3.0,343.15,-4.85,-7.8898697,a*,pca,10
5,4.0,343.15,-4.22,-7.8898697,a*,pca,10
6,5.0,343.15,-5.18,-7.8898697,a*,pca,10
7,6.0,343.15,-3.49,-7.8898706,a*,pca,10
8,7.0,343.15,-4.59,-7.889871,a*,pca,10
9,8.0,343.15,-4.94,-7.8898697,a*,pca,10
10,3.0,343.15,-7.94,-7.8898706,a*,pca,10
11,4.0,343.15,-6.49,-7.8898706,a*,pca,10
12,5.0,343.15,-7.37,-7.8898697,a*,pca,10
13,6.0,343.15,-6.31,-7.88987,a*,pca,10
14,7.0,343.15,-9.78,-7.8898706,a*,pca,10
15,8.0,343.15,-8.75,-7.8898706,a*,pca,10
16,3.0,353.15,-7.78,-7.889871,a*,pca,10
17,4.0,353.15,-4.97,-7.889871,a*,pca,10
18,5.0,353.15,-5.65,-7.8898706,a*,pca,10
19,6.0,353.15,-5.27,-7.889871,a*,pca,10
20,7.0,353.15,-4.15,-7.8898706,a*,pca,10
21,8.0,353.15,-4.81,-7.8898706,a*,pca,10
22,9.0,353.15,-4.63,-7.8898706,a*,pca,10
23,3.0,353.15,-7.54,-7.8898716,a*,pca,10
24,4.0,353.15,-6.39,-7.889871,a*,pca,10
25,5.0,353.15,-6.03,-7.8898697,a*,pca,10
26,6.0,353.15,-6.34,-7.8898706,a*,pca,10
27,7.0,353.15,-6.02,-7.8898706,a*,pca,10
28,8.0,353.15,-6.56,-7.889871,a*,pca,10
29,9.0,353.15,-9.13,-7.8898706,a*,pca,10
30,3.0,353.15,-8.33,-7.8898706,a*,pca,10
31,4.0,353.15,-4.86,-7.889871,a*,pca,10
32,5.0,353.15,-5.58,-7.88987,a*,pca,10
33,6.0,353.15,-6.25,-7.8898706,a*,pca,10
34,7.0,353.15,-5.31,-7.889871,a*,pca,10
35,8.0,353.15,-5.5,-7.8898697,a*,pca,10
36,9.0,353.15,-5.18,-7.8898697,a*,pca,10
37,6.0,363.15,-5.03,-7.8898706,a*,pca,10
38,7.0,363.15,-5.75,-7.88987,a*,pca,10
39,8.0,363.15,-5.26,-7.8898706,a*,pca,10
40,9.0,363.15,-4.94,-7.8898697,a*,pca,10
41,6.0,363.15,-5.31,-7.8898706,a*,pca,10
42,7.0,363.15,-4.5,-7.8898706,a*,pca,10
43,8.0,363.15,-5.02,-7.8898697,a*,pca,10
44,9.0,363.15,-5.5,-7.8898706,a*,pca,10
45,3.0,363.15,-11.73,-7.8898716,a*,pca,10
46,4.0,363.15,-12.13,-7.889871,a*,pca,10
47,5.0,363.15,-11.61,-7.8898716,a*,pca,10
48,6.0,363.15,-11.8,-7.8898716,a*,pca,10
49,7.0,363.15,-10.96,-7.8898716,a*,pca,10
50,8.0,363.15,-12.65,-7.8898697,a*,pca,10
51,9.0,363.15,-11.9,-7.889871,a*,pca,10
52,3.0,363.15,-5.8,-7.8898697,a*,pca,10
53,4.0,363.15,-5.91,-7.889871,a*,pca,10
54,5.0,363.15,-5.59,-7.8898716,a*,pca,10
55,6.0,363.15,-4.86,-7.889871,a*,pca,10
56,7.0,363.15,-5.34,-7.889871,a*,pca,10
57,8.0,363.15,-5.75,-7.889869,a*,pca,10
58,9.0,363.15,-5.76,-7.8898697,a*,pca,10
1,6.0,343.15,-4.76,-5.8769455,a*,pca,20
2,7.0,343.15,-5.46,-5.8769455,a*,pca,20
3,8.0,343.15,-6.73,-5.804337,a*,pca,20
4,3.0,343.15,-4.85,-5.0644097,a*,pca,20
5,4.0,343.15,-4.22,-5.064415,a*,pca,20
6,5.0,343.15,-5.18,-6.83586,a*,pca,20
7,6.0,343.15,-3.49,-5.8769855,a*,pca,20
8,7.0,343.15,-4.59,-5.876942,a*,pca,20
9,8.0,343.15,-4.94,-8.785585,a*,pca,20
10,3.0,343.15,-7.94,-7.2707653,a*,pca,20
11,4.0,343.15,-6.49,-5.7310653,a*,pca,20
12,5.0,343.15,-7.37,-6.83586,a*,pca,20
13,6.0,343.15,-6.31,-5.8769426,a*,pca,20
14,7.0,343.15,-9.78,-5.8769317,a*,pca,20
15,8.0,343.15,-8.75,-5.876646,a*,pca,20
16,3.0,353.15,-7.78,-8.907429,a*,pca,20
17,4.0,353.15,-4.97,-9.433255,a*,pca,20
18,5.0,353.15,-5.65,-5.8769455,a*,pca,20
19,6.0,353.15,-5.27,-5.8769345,a*,pca,20
20,7.0,353.15,-4.15,-5.8769455,a*,pca,20
21,8.0,353.15,-4.81,-5.064751,a*,pca,20
22,9.0,353.15,-4.63,-5.779511,a*,pca,20
23,3.0,353.15,-7.54,-13.669995,a*,pca,20
24,4.0,353.15,-6.39,-13.66432,a*,pca,20
25,5.0,353.15,-6.03,-5.512717,a*,pca,20
26,6.0,353.15,-6.34,-5.8769455,a*,pca,20
27,7.0,353.15,-6.02,-5.8769455,a*,pca,20
28,8.0,353.15,-6.56,-5.8760886,a*,pca,20
29,9.0,353.15,-9.13,-5.8769455,a*,pca,20
30,3.0,353.15,-8.33,-5.876967,a*,pca,20
31,4.0,353.15,-4.86,-10.336976,a*,pca,20
32,5.0,353.15,-5.58,-5.8769455,a*,pca,20
33,6.0,353.15,-6.25,-5.8769455,a*,pca,20
34,7.0,353.15,-5.31,-5.8727107,a*,pca,20
35,8.0,353.15,-5.5,-5.8769455,a*,pca,20
36,9.0,353.15,-5.18,-12.888451,a*,pca,20
37,6.0,363.15,-5.03,-5.0649366,a*,pca,20
38,7.0,363.15,-5.75,-5.8769455,a*,pca,20
39,8.0,363.15,-5.26,-5.065917,a*,pca,20
40,9.0,363.15,-4.94,-5.0644126,a*,pca,20
41,6.0,363.15,-5.31,-5.064424,a*,pca,20
42,7.0,363.15,-4.5,-5.0644116,a*,pca,20
43,8.0,363.15,-5.02,-5.990049,a*,pca,20
44,9.0,363.15,-5.5,-5.0644116,a*,pca,20
45,3.0,363.15,-11.73,-6.8360295,a*,pca,20
46,4.0,363.15,-12.13,-6.83586,a*,pca,20
47,5.0,363.15,-11.61,-15.602798,a*,pca,20
48,6.0,363.15,-11.8,-13.66432,a*,pca,20
49,7.0,363.15,-10.96,-5.876918,a*,pca,20
50,8.0,363.15,-12.65,-6.830912,a*,pca,20
51,9.0,363.15,-11.9,-12.697837,a*,pca,20
52,3.0,363.15,-5.8,-5.6647296,a*,pca,20
53,4.0,363.15,-5.91,-6.0700336,a*,pca,20
54,5.0,363.15,-5.59,-9.038608,a*,pca,20
55,6.0,363.15,-4.86,-5.075989,a*,pca,20
56,7.0,363.15,-5.34,-8.126825,a*,pca,20
57,8.0,363.15,-5.75,-5.940471,a*,pca,20
58,9.0,363.15,-5.76,-5.0644073,a*,pca,20
1,6.0,343.15,-4.76,-7.8898187,a*,pca,30
2,7.0,343.15,-5.46,-7.8898187,a*,pca,30
3,8.0,343.15,-6.73,-7.8898187,a*,pca,30
4,3.0,343.15,-4.85,-7.889818,a*,pca,30
5,4.0,343.15,-4.22,-7.889818,a*,pca,30
6,5.0,343.15,-5.18,-7.889818,a*,pca,30
7,6.0,343.15,-3.49,-7.8898187,a*,pca,30
8,7.0,343.15,-4.59,-7.8898187,a*,pca,30
9,8.0,343.15,-4.94,-7.8898187,a*,pca,30
10,3.0,343.15,-7.94,-7.8898187,a*,pca,30
11,4.0,343.15,-6.49,-7.8898187,a*,pca,30
12,5.0,343.15,-7.37,-7.889818,a*,pca,30
13,6.0,343.15,-6.31,-7.8898187,a*,pca,30
14,7.0,343.15,-9.78,-7.8898187,a*,pca,30
15,8.0,343.15,-8.75,-7.8898187,a*,pca,30
16,3.0,353.15,-7.78,-7.8898187,a*,pca,30
17,4.0,353.15,-4.97,-7.8898187,a*,pca,30
18,5.0,353.15,-5.65,-7.8898187,a*,pca,30
19,6.0,353.15,-5.27,-7.8898187,a*,pca,30
20,7.0,353.15,-4.15,-7.8898187,a*,pca,30
21,8.0,353.15,-4.81,-7.8898187,a*,pca,30
22,9.0,353.15,-4.63,-7.8898187,a*,pca,30
23,3.0,353.15,-7.54,-7.8898187,a*,pca,30
24,4.0,353.15,-6.39,-7.8898187,a*,pca,30
25,5.0,353.15,-6.03,-7.8898187,a*,pca,30
26,6.0,353.15,-6.34,-7.8898187,a*,pca,30
27,7.0,353.15,-6.02,-7.8898187,a*,pca,30
28,8.0,353.15,-6.56,-7.8898187,a*,pca,30
29,9.0,353.15,-9.13,-7.8898187,a*,pca,30
30,3.0,353.15,-8.33,-7.8898187,a*,pca,30
31,4.0,353.15,-4.86,-7.8898187,a*,pca,30
32,5.0,353.15,-5.58,-7.8898187,a*,pca,30
33,6.0,353.15,-6.25,-7.8898187,a*,pca,30
34,7.0,353.15,-5.31,-7.8898187,a*,pca,30
35,8.0,353.15,-5.5,-7.8898187,a*,pca,30
36,9.0,353.15,-5.18,-7.8898187,a*,pca,30
37,6.0,363.15,-5.03,-7.8898187,a*,pca,30
38,7.0,363.15,-5.75,-7.8898187,a*,pca,30
39,8.0,363.15,-5.26,-7.8898187,a*,pca,30
40,9.0,363.15,-4.94,-7.8898187,a*,pca,30
41,6.0,363.15,-5.31,-7.8898187,a*,pca,30
42,7.0,363.15,-4.5,-7.8898187,a*,pca,30
43,8.0,363.15,-5.02,-7.8898187,a*,pca,30
44,9.0,363.15,-5.5,-7.8898187,a*,pca,30
45,3.0,363.15,-11.73,-7.8898187,a*,pca,30
46,4.0,363.15,-12.13,-7.8898187,a*,pca,30
47,5.0,363.15,-11.61,-7.8898187,a*,pca,30
48,6.0,363.15,-11.8,-7.8898187,a*,pca,30
49,7.0,363.15,-10.96,-7.8898187,a*,pca,30
50,8.0,363.15,-12.65,-7.8898187,a*,pca,30
51,9.0,363.15,-11.9,-7.8898187,a*,pca,30
52,3.0,363.15,-5.8,-7.8898187,a*,pca,30
53,4.0,363.15,-5.91,-7.8898187,a*,pca,30
54,5.0,363.15,-5.59,-7.8898187,a*,pca,30
55,6.0,363.15,-4.86,-7.8898187,a*,pca,30
56,7.0,363.15,-5.34,-7.8898187,a*,pca,30
57,8.0,363.15,-5.75,-7.8898187,a*,pca,30
58,9.0,363.15,-5.76,-7.8898187,a*,pca,30
1,6.0,343.15,-4.76,-7.889684,a*,pca,40
2,7.0,343.15,-5.46,-7.8896847,a*,pca,40
3,8.0,343.15,-6.73,-7.889684,a*,pca,40
4,3.0,343.15,-4.85,-7.8896837,a*,pca,40
5,4.0,343.15,-4.22,-7.8896837,a*,pca,40
6,5.0,343.15,-5.18,-7.8896837,a*,pca,40
7,6.0,343.15,-3.49,-7.8896847,a*,pca,40
8,7.0,343.15,-4.59,-7.8896847,a*,pca,40
9,8.0,343.15,-4.94,-7.889684,a*,pca,40
10,3.0,343.15,-7.94,-7.8896837,a*,pca,40
11,4.0,343.15,-6.49,-7.8896837,a*,pca,40
12,5.0,343.15,-7.37,-7.8896837,a*,pca,40
13,6.0,343.15,-6.31,-7.8896847,a*,pca,40
14,7.0,343.15,-9.78,-7.8896847,a*,pca,40
15,8.0,343.15,-8.75,-7.889684,a*,pca,40
16,3.0,353.15,-7.78,-7.8896837,a*,pca,40
17,4.0,353.15,-4.97,-7.8896837,a*,pca,40
18,5.0,353.15,-5.65,-7.8896837,a*,pca,40
19,6.0,353.15,-5.27,-7.889684,a*,pca,40
20,7.0,353.15,-4.15,-7.889684,a*,pca,40
21,8.0,353.15,-4.81,-7.889684,a*,pca,40
22,9.0,353.15,-4.63,-7.889684,a*,pca,40
23,3.0,353.15,-7.54,-7.8896837,a*,pca,40
24,4.0,353.15,-6.39,-7.8896837,a*,pca,40
25,5.0,353.15,-6.03,-7.8896837,a*,pca,40
26,6.0,353.15,-6.34,-7.889684,a*,pca,40
27,7.0,353.15,-6.02,-7.889684,a*,pca,40
28,8.0,353.15,-6.56,-7.889684,a*,pca,40
29,9.0,353.15,-9.13,-7.889684,a*,pca,40
30,3.0,353.15,-8.33,-7.8896837,a*,pca,40
31,4.0,353.15,-4.86,-7.8896837,a*,pca,40
32,5.0,353.15,-5.58,-7.8896837,a*,pca,40
33,6.0,353.15,-6.25,-7.889684,a*,pca,40
34,7.0,353.15,-5.31,-7.889684,a*,pca,40
35,8.0,353.15,-5.5,-7.8896847,a*,pca,40
36,9.0,353.15,-5.18,-7.889684,a*,pca,40
37,6.0,363.15,-5.03,-7.889684,a*,pca,40
38,7.0,363.15,-5.75,-7.889684,a*,pca,40
39,8.0,363.15,-5.26,-7.889684,a*,pca,40
40,9.0,363.15,-4.94,-7.889684,a*,pca,40
41,6.0,363.15,-5.31,-7.889684,a*,pca,40
42,7.0,363.15,-4.5,-7.889684,a*,pca,40
43,8.0,363.15,-5.02,-7.889684,a*,pca,40
44,9.0,363.15,-5.5,-7.889684,a*,pca,40
45,3.0,363.15,-11.73,-7.8896837,a*,pca,40
46,4.0,363.15,-12.13,-7.8896837,a*,pca,40
47,5.0,363.15,-11.61,-7.8896837,a*,pca,40
48,6.0,363.15,-11.8,-7.8896847,a*,pca,40
49,7.0,363.15,-10.96,-7.889684,a*,pca,40
50,8.0,363.15,-12.65,-7.889684,a*,pca,40
51,9.0,363.15,-11.9,-7.889684,a*,pca,40
52,3.0,363.15,-5.8,-7.8896837,a*,pca,40
53,4.0,363.15,-5.91,-7.8896837,a*,pca,40
54,5.0,363.15,-5.59,-7.8896837,a*,pca,40
55,6.0,363.15,-4.86,-7.889684,a*,pca,40
56,7.0,363.15,-5.34,-7.889684,a*,pca,40
57,8.0,363.15,-5.75,-7.889684,a*,pca,40
58,9.0,363.15,-5.76,-7.889684,a*,pca,40
1,6.0,343.15,-4.76,-7.8896847,a*,corr_topk,10
2,7.0,343.15,-5.46,-7.8896847,a*,corr_topk,10
3,8.0,343.15,-6.73,-7.8896847,a*,corr_topk,10
4,3.0,343.15,-4.85,-7.8896847,a*,corr_topk,10
5,4.0,343.15,-4.22,-7.8896847,a*,corr_topk,10
6,5.0,343.15,-5.18,-7.8896847,a*,corr_topk,10
7,6.0,343.15,-3.49,-7.8896847,a*,corr_topk,10
8,7.0,343.15,-4.59,-7.8896847,a*,corr_topk,10
9,8.0,343.15,-4.94,-7.8896847,a*,corr_topk,10
10,3.0,343.15,-7.94,-7.8896847,a*,corr_topk,10
11,4.0,343.15,-6.49,-7.8896847,a*,corr_topk,10
12,5.0,343.15,-7.37,-7.8896847,a*,corr_topk,10
13,6.0,343.15,-6.31,-7.8896847,a*,corr_topk,10
14,7.0,343.15,-9.78,-7.8896847,a*,corr_topk,10
15,8.0,343.15,-8.75,-7.8896847,a*,corr_topk,10
16,3.0,353.15,-7.78,-7.8896847,a*,corr_topk,10
17,4.0,353.15,-4.97,-7.8896847,a*,corr_topk,10
18,5.0,353.15,-5.65,-7.8896847,a*,corr_topk,10
19,6.0,353.15,-5.27,-7.8896847,a*,corr_topk,10
20,7.0,353.15,-4.15,-7.8896847,a*,corr_topk,10
21,8.0,353.15,-4.81,-7.8896847,a*,corr_topk,10
22,9.0,353.15,-4.63,-7.8896847,a*,corr_topk,10
23,3.0,353.15,-7.54,-7.8896847,a*,corr_topk,10
24,4.0,353.15,-6.39,-7.8896847,a*,corr_topk,10
25,5.0,353.15,-6.03,-7.8896847,a*,corr_topk,10
26,6.0,353.15,-6.34,-7.8896847,a*,corr_topk,10
27,7.0,353.15,-6.02,-7.8896847,a*,corr_topk,10
28,8.0,353.15,-6.56,-7.8896847,a*,corr_topk,10
29,9.0,353.15,-9.13,-7.8896847,a*,corr_topk,10
30,3.0,353.15,-8.33,-7.8896847,a*,corr_topk,10
31,4.0,353.15,-4.86,-7.8896847,a*,corr_topk,10
32,5.0,353.15,-5.58,-7.8896847,a*,corr_topk,10
33,6.0,353.15,-6.25,-7.8896847,a*,corr_topk,10
34,7.0,353.15,-5.31,-7.8896847,a*,corr_topk,10
35,8.0,353.15,-5.5,-7.8896847,a*,corr_topk,10
36,9.0,353.15,-5.18,-7.8896847,a*,corr_topk,10
37,6.0,363.15,-5.03,-7.8896847,a*,corr_topk,10
38,7.0,363.15,-5.75,-7.8896847,a*,corr_topk,10
39,8.0,363.15,-5.26,-7.8896847,a*,corr_topk,10
40,9.0,363.15,-4.94,-7.8896847,a*,corr_topk,10
41,6.0,363.15,-5.31,-7.8896847,a*,corr_topk,10
42,7.0,363.15,-4.5,-7.8896847,a*,corr_topk,10
43,8.0,363.15,-5.02,-7.8896847,a*,corr_topk,10
44,9.0,363.15,-5.5,-7.8896847,a*,corr_topk,10
45,3.0,363.15,-11.73,-7.8896847,a*,corr_topk,10
46,4.0,363.15,-12.13,-7.8896847,a*,corr_topk,10
47,5.0,363.15,-11.61,-7.8896847,a*,corr_topk,10
48,6.0,363.15,-11.8,-7.8896847,a*,corr_topk,10
49,7.0,363.15,-10.96,-7.8896847,a*,corr_topk,10
50,8.0,363.15,-12.65,-7.8896847,a*,corr_topk,10
51,9.0,363.15,-11.9,-7.8896847,a*,corr_topk,10
52,3.0,363.15,-5.8,-7.8896847,a*,corr_topk,10
53,4.0,363.15,-5.91,-7.8896847,a*,corr_topk,10
54,5.0,363.15,-5.59,-7.8896847,a*,corr_topk,10
55,6.0,363.15,-4.86,-7.8896847,a*,corr_topk,10
56,7.0,363.15,-5.34,-7.8896847,a*,corr_topk,10
57,8.0,363.15,-5.75,-7.8896847,a*,corr_topk,10
58,9.0,363.15,-5.76,-7.8896847,a*,corr_topk,10
1,6.0,343.15,-4.76,-12.328048,a*,corr_topk,20
2,7.0,343.15,-5.46,-5.6270432,a*,corr_topk,20
3,8.0,343.15,-6.73,-5.455087,a*,corr_topk,20
4,3.0,343.15,-4.85,-5.0697026,a*,corr_topk,20
5,4.0,343.15,-4.22,-7.022935,a*,corr_topk,20
6,5.0,343.15,-5.18,-9.92941,a*,corr_topk,20
7,6.0,343.15,-3.49,-6.834528,a*,corr_topk,20
8,7.0,343.15,-4.59,-4.1475143,a*,corr_topk,20
9,8.0,343.15,-4.94,-5.7064486,a*,corr_topk,20
10,3.0,343.15,-7.94,-12.369662,a*,corr_topk,20
11,4.0,343.15,-6.49,-12.369519,a*,corr_topk,20
12,5.0,343.15,-7.37,-7.241504,a*,corr_topk,20
13,6.0,343.15,-6.31,-5.5353823,a*,corr_topk,20
14,7.0,343.15,-9.78,-5.658487,a*,corr_topk,20
15,8.0,343.15,-8.75,-12.350515,a*,corr_topk,20
16,3.0,353.15,-7.78,-6.450204,a*,corr_topk,20
17,4.0,353.15,-4.97,-12.370814,a*,corr_topk,20
18,5.0,353.15,-5.65,-6.500303,a*,corr_topk,20
19,6.0,353.15,-5.27,-5.6004243,a*,corr_topk,20
20,7.0,353.15,-4.15,-4.6233563,a*,corr_topk,20
21,8.0,353.15,-4.81,-5.6109443,a*,corr_topk,20
22,9.0,353.15,-4.63,-4.1299157,a*,corr_topk,20
23,3.0,353.15,-7.54,-7.231215,a*,corr_topk,20
24,4.0,353.15,-6.39,-5.5247297,a*,corr_topk,20
25,5.0,353.15,-6.03,-4.9164653,a*,corr_topk,20
26,6.0,353.15,-6.34,-3.2912047,a*,corr_topk,20
27,7.0,353.15,-6.02,-3.233299,a*,corr_topk,20
28,8.0,353.15,-6.56,-4.9304852,a*,corr_topk,20
29,9.0,353.15,-9.13,-4.8304596,a*,corr_topk,20
30,3.0,353.15,-8.33,-9.619978,a*,corr_topk,20
31,4.0,353.15,-4.86,-10.162356,a*,corr_topk,20
32,5.0,353.15,-5.58,-6.5505424,a*,corr_topk,20
33,6.0,353.15,-6.25,-4.7210126,a*,corr_topk,20
34,7.0,353.15,-5.31,-6.247285,a*,corr_topk,20
35,8.0,353.15,-5.5,-4.722369,a*,corr_topk,20
36,9.0,353.15,-5.18,-5.1500893,a*,corr_topk,20
37,6.0,363.15,-5.03,-5.2592382,a*,corr_topk,20
38,7.0,363.15,-5.75,-8.0490465,a*,corr_topk,20
39,8.0,363.15,-5.26,-5.714188,a*,corr_topk,20
40,9.0,363.15,-4.94,-5.4631844,a*,corr_topk,20
41,6.0,363.15,-5.31,-12.370281,a*,corr_topk,20
42,7.0,363.15,-4.5,-9.751466,a*,corr_topk,20
43,8.0,363.15,-5.02,-3.1380384,a*,corr_topk,20
44,9.0,363.15,-5.5,-2.7925131,a*,corr_topk,20
45,3.0,363.15,-11.73,-12.289348,a*,corr_topk,20
46,4.0,363.15,-12.13,-12.370074,a*,corr_topk,20
47,5.0,363.15,-11.61,-12.370358,a*,corr_topk,20
48,6.0,363.15,-11.8,-12.370353,a*,corr_topk,20
49,7.0,363.15,-10.96,-12.370229,a*,corr_topk,20
50,8.0,363.15,-12.65,-12.37021,a*,corr_topk,20
51,9.0,363.15,-11.9,-5.652701,a*,corr_topk,20
52,3.0,363.15,-5.8,-5.1811523,a*,corr_topk,20
53,4.0,363.15,-5.91,-6.03497,a*,corr_topk,20
54,5.0,363.15,-5.59,-3.6514122,a*,corr_topk,20
55,6.0,363.15,-4.86,-7.523841,a*,corr_topk,20
56,7.0,363.15,-5.34,-4.0243564,a*,corr_topk,20
57,8.0,363.15,-5.75,-12.370355,a*,corr_topk,20
58,9.0,363.15,-5.76,-12.198811,a*,corr_topk,20
1,6.0,343.15,-4.76,-7.8897066,a*,corr_topk,30
2,7.0,343.15,-5.46,-7.8897066,a*,corr_topk,30
3,8.0,343.15,-6.73,-7.8897066,a*,corr_topk,30
4,3.0,343.15,-4.85,-7.8897066,a*,corr_topk,30
5,4.0,343.15,-4.22,-7.8897066,a*,corr_topk,30
6,5.0,343.15,-5.18,-7.8897066,a*,corr_topk,30
7,6.0,343.15,-3.49,-7.8897066,a*,corr_topk,30
8,7.0,343.15,-4.59,-7.8897066,a*,corr_topk,30
9,8.0,343.15,-4.94,-7.8897066,a*,corr_topk,30
10,3.0,343.15,-7.94,-7.8897066,a*,corr_topk,30
11,4.0,343.15,-6.49,-7.8897066,a*,corr_topk,30
12,5.0,343.15,-7.37,-7.8897066,a*,corr_topk,30
13,6.0,343.15,-6.31,-7.8897066,a*,corr_topk,30
14,7.0,343.15,-9.78,-7.8897066,a*,corr_topk,30
15,8.0,343.15,-8.75,-7.8897066,a*,corr_topk,30
16,3.0,353.15,-7.78,-7.8897066,a*,corr_topk,30
17,4.0,353.15,-4.97,-7.8897066,a*,corr_topk,30
18,5.0,353.15,-5.65,-7.8897066,a*,corr_topk,30
19,6.0,353.15,-5.27,-7.8897066,a*,corr_topk,30
20,7.0,353.15,-4.15,-7.8897066,a*,corr_topk,30
21,8.0,353.15,-4.81,-7.8897066,a*,corr_topk,30
22,9.0,353.15,-4.63,-7.8897066,a*,corr_topk,30
23,3.0,353.15,-7.54,-7.8897066,a*,corr_topk,30
24,4.0,353.15,-6.39,-7.8897066,a*,corr_topk,30
25,5.0,353.15,-6.03,-7.8897066,a*,corr_topk,30
26,6.0,353.15,-6.34,-7.8897066,a*,corr_topk,30
27,7.0,353.15,-6.02,-7.8897066,a*,corr_topk,30
28,8.0,353.15,-6.56,-7.8897066,a*,corr_topk,30
29,9.0,353.15,-9.13,-7.8897066,a*,corr_topk,30
30,3.0,353.15,-8.33,-7.8897066,a*,corr_topk,30
31,4.0,353.15,-4.86,-7.8897066,a*,corr_topk,30
32,5.0,353.15,-5.58,-7.8897066,a*,corr_topk,30
33,6.0,353.15,-6.25,-7.8897066,a*,corr_topk,30
34,7.0,353.15,-5.31,-7.8897066,a*,corr_topk,30
35,8.0,353.15,-5.5,-7.8897066,a*,corr_topk,30
36,9.0,353.15,-5.18,-7.8897066,a*,corr_topk,30
37,6.0,363.15,-5.03,-7.8897066,a*,corr_topk,30
38,7.0,363.15,-5.75,-7.8897066,a*,corr_topk,30
39,8.0,363.15,-5.26,-7.8897066,a*,corr_topk,30
40,9.0,363.15,-4.94,-7.8897066,a*,corr_topk,30
41,6.0,363.15,-5.31,-7.8897066,a*,corr_topk,30
42,7.0,363.15,-4.5,-7.8897066,a*,corr_topk,30
43,8.0,363.15,-5.02,-7.8897066,a*,corr_topk,30
44,9.0,363.15,-5.5,-7.8897066,a*,corr_topk,30
45,3.0,363.15,-11.73,-7.8897066,a*,corr_topk,30
46,4.0,363.15,-12.13,-7.8897066,a*,corr_topk,30
47,5.0,363.15,-11.61,-7.8897066,a*,corr_topk,30
48,6.0,363.15,-11.8,-7.8897066,a*,corr_topk,30
49,7.0,363.15,-10.96,-7.8897066,a*,corr_topk,30
50,8.0,363.15,-12.65,-7.8897066,a*,corr_topk,30
51,9.0,363.15,-11.9,-7.8897066,a*,corr_topk,30
52,3.0,363.15,-5.8,-7.8897066,a*,corr_topk,30
53,4.0,363.15,-5.91,-7.8897066,a*,corr_topk,30
54,5.0,363.15,-5.59,-7.8897066,a*,corr_topk,30
55,6.0,363.15,-4.86,-7.8897066,a*,corr_topk,30
56,7.0,363.15,-5.34,-7.8897066,a*,corr_topk,30
57,8.0,363.15,-5.75,-7.8897066,a*,corr_topk,30
58,9.0,363.15,-5.76,-7.8897066,a*,corr_topk,30
1,6.0,343.15,-4.76,-7.88987,a*,corr_topk,40
2,7.0,343.15,-5.46,-7.88987,a*,corr_topk,40
3,8.0,343.15,-6.73,-7.88987,a*,corr_topk,40
4,3.0,343.15,-4.85,-7.88987,a*,corr_topk,40
5,4.0,343.15,-4.22,-7.88987,a*,corr_topk,40
6,5.0,343.15,-5.18,-7.88987,a*,corr_topk,40
7,6.0,343.15,-3.49,-7.88987,a*,corr_topk,40
8,7.0,343.15,-4.59,-7.88987,a*,corr_topk,40
9,8.0,343.15,-4.94,-7.88987,a*,corr_topk,40
10,3.0,343.15,-7.94,-7.88987,a*,corr_topk,40
11,4.0,343.15,-6.49,-7.88987,a*,corr_topk,40
12,5.0,343.15,-7.37,-7.88987,a*,corr_topk,40
13,6.0,343.15,-6.31,-7.88987,a*,corr_topk,40
14,7.0,343.15,-9.78,-7.88987,a*,corr_topk,40
15,8.0,343.15,-8.75,-7.88987,a*,corr_topk,40
16,3.0,353.15,-7.78,-7.88987,a*,corr_topk,40
17,4.0,353.15,-4.97,-7.88987,a*,corr_topk,40
18,5.0,353.15,-5.65,-7.88987,a*,corr_topk,40
19,6.0,353.15,-5.27,-7.88987,a*,corr_topk,40
20,7.0,353.15,-4.15,-7.88987,a*,corr_topk,40
21,8.0,353.15,-4.81,-7.88987,a*,corr_topk,40
22,9.0,353.15,-4.63,-7.88987,a*,corr_topk,40
23,3.0,353.15,-7.54,-7.88987,a*,corr_topk,40
24,4.0,353.15,-6.39,-7.88987,a*,corr_topk,40
25,5.0,353.15,-6.03,-7.88987,a*,corr_topk,40
26,6.0,353.15,-6.34,-7.88987,a*,corr_topk,40
27,7.0,353.15,-6.02,-7.88987,a*,corr_topk,40
28,8.0,353.15,-6.56,-7.88987,a*,corr_topk,40
29,9.0,353.15,-9.13,-7.88987,a*,corr_topk,40
30,3.0,353.15,-8.33,-7.88987,a*,corr_topk,40
31,4.0,353.15,-4.86,-7.88987,a*,corr_topk,40
32,5.0,353.15,-5.58,-7.88987,a*,corr_topk,40
33,6.0,353.15,-6.25,-7.88987,a*,corr_topk,40
34,7.0,353.15,-5.31,-7.88987,a*,corr_topk,40
35,8.0,353.15,-5.5,-7.88987,a*,corr_topk,40
36,9.0,353.15,-5.18,-7.88987,a*,corr_topk,40
37,6.0,363.15,-5.03,-7.88987,a*,corr_topk,40
38,7.0,363.15,-5.75,-7.88987,a*,corr_topk,40
39,8.0,363.15,-5.26,-7.88987,a*,corr_topk,40
40,9.0,363.15,-4.94,-7.88987,a*,corr_topk,40
41,6.0,363.15,-5.31,-7.88987,a*,corr_topk,40
42,7.0,363.15,-4.5,-7.88987,a*,corr_topk,40
43,8.0,363.15,-5.02,-7.88987,a*,corr_topk,40
44,9.0,363.15,-5.5,-7.88987,a*,corr_topk,40
45,3.0,363.15,-11.73,-7.88987,a*,corr_topk,40
46,4.0,363.15,-12.13,-7.88987,a*,corr_topk,40
47,5.0,363.15,-11.61,-7.88987,a*,corr_topk,40
48,6.0,363.15,-11.8,-7.88987,a*,corr_topk,40
49,7.0,363.15,-10.96,-7.88987,a*,corr_topk,40
50,8.0,363.15,-12.65,-7.88987,a*,corr_topk,40
51,9.0,363.15,-11.9,-7.88987,a*,corr_topk,40
52,3.0,363.15,-5.8,-7.88987,a*,corr_topk,40
53,4.0,363.15,-5.91,-7.88987,a*,corr_topk,40
54,5.0,363.15,-5.59,-7.88987,a*,corr_topk,40
55,6.0,363.15,-4.86,-7.88987,a*,corr_topk,40
56,7.0,363.15,-5.34,-7.88987,a*,corr_topk,40
57,8.0,363.15,-5.75,-7.88987,a*,corr_topk,40
58,9.0,363.15,-5.76,-7.88987,a*,corr_topk,40
1,6.0,343.15,-4.76,-5.732526,a*,spa,8
2,7.0,343.15,-5.46,-10.928328,a*,spa,8
3,8.0,343.15,-6.73,-10.5921755,a*,spa,8
4,3.0,343.15,-4.85,-14.514736,a*,spa,8
5,4.0,343.15,-4.22,-5.341853,a*,spa,8
6,5.0,343.15,-5.18,-5.732526,a*,spa,8
7,6.0,343.15,-3.49,-5.732526,a*,spa,8
8,7.0,343.15,-4.59,-5.3629913,a*,spa,8
9,8.0,343.15,-4.94,-5.732526,a*,spa,8
10,3.0,343.15,-7.94,-5.983089,a*,spa,8
11,4.0,343.15,-6.49,-4.401223,a*,spa,8
12,5.0,343.15,-7.37,-5.732526,a*,spa,8
13,6.0,343.15,-6.31,-5.5976768,a*,spa,8
14,7.0,343.15,-9.78,-6.4925075,a*,spa,8
15,8.0,343.15,-8.75,-5.364153,a*,spa,8
16,3.0,353.15,-7.78,-5.732526,a*,spa,8
17,4.0,353.15,-4.97,-5.732325,a*,spa,8
18,5.0,353.15,-5.65,-5.732526,a*,spa,8
19,6.0,353.15,-5.27,-5.7325244,a*,spa,8
20,7.0,353.15,-4.15,-14.09185,a*,spa,8
21,8.0,353.15,-4.81,-5.363364,a*,spa,8
22,9.0,353.15,-4.63,-5.2753186,a*,spa,8
23,3.0,353.15,-7.54,-5.350364,a*,spa,8
24,4.0,353.15,-6.39,-5.7325015,a*,spa,8
25,5.0,353.15,-6.03,-12.9561615,a*,spa,8
26,6.0,353.15,-6.34,-5.732526,a*,spa,8
27,7.0,353.15,-6.02,-5.7325244,a*,spa,8
28,8.0,353.15,-6.56,-5.409742,a*,spa,8
29,9.0,353.15,-9.13,-5.731188,a*,spa,8
30,3.0,353.15,-8.33,-5.7316003,a*,spa,8
31,4.0,353.15,-4.86,-5.7324834,a*,spa,8
32,5.0,353.15,-5.58,-5.4113793,a*,spa,8
33,6.0,353.15,-6.25,-13.90114,a*,spa,8
34,7.0,353.15,-5.31,-5.362396,a*,spa,8
35,8.0,353.15,-5.5,-14.256592,a*,spa,8
36,9.0,353.15,-5.18,-6.847897,a*,spa,8
37,6.0,363.15,-5.03,-14.158252,a*,spa,8
38,7.0,363.15,-5.75,-5.7325253,a*,spa,8
39,8.0,363.15,-5.26,-7.1428714,a*,spa,8
40,9.0,363.15,-4.94,-14.151029,a*,spa,8
41,6.0,363.15,-5.31,-5.732525,a*,spa,8
42,7.0,363.15,-4.5,-5.3041377,a*,spa,8
43,8.0,363.15,-5.02,-12.158571,a*,spa,8
44,9.0,363.15,-5.5,-12.08407,a*,spa,8
45,3.0,363.15,-11.73,-14.627893,a*,spa,8
46,4.0,363.15,-12.13,-14.603691,a*,spa,8
47,5.0,363.15,-11.61,-5.556709,a*,spa,8
48,6.0,363.15,-11.8,-13.146245,a*,spa,8
49,7.0,363.15,-10.96,-12.159279,a*,spa,8
50,8.0,363.15,-12.65,-16.076069,a*,spa,8
51,9.0,363.15,-11.9,-12.159926,a*,spa,8
52,3.0,363.15,-5.8,-6.8421745,a*,spa,8
53,4.0,363.15,-5.91,-12.391792,a*,spa,8
54,5.0,363.15,-5.59,-5.732525,a*,spa,8
55,6.0,363.15,-4.86,-5.412931,a*,spa,8
56,7.0,363.15,-5.34,-5.3167977,a*,spa,8
57,8.0,363.15,-5.75,-5.7285995,a*,spa,8
58,9.0,363.15,-5.76,-11.985979,a*,spa,8
1,6.0,343.15,-4.76,-6.1242547,a*,spa,12
2,7.0,343.15,-5.46,-5.870785,a*,spa,12
3,8.0,343.15,-6.73,-5.372995,a*,spa,12
4,3.0,343.15,-4.85,-7.2315626,a*,spa,12
5,4.0,343.15,-4.22,-3.6296391,a*,spa,12
6,5.0,343.15,-5.18,-5.3485327,a*,spa,12
7,6.0,343.15,-3.49,-6.015844,a*,spa,12
8,7.0,343.15,-4.59,-5.2495394,a*,spa,12
9,8.0,343.15,-4.94,-4.941006,a*,spa,12
10,3.0,343.15,-7.94,-7.311377,a*,spa,12
11,4.0,343.15,-6.49,-6.182156,a*,spa,12
12,5.0,343.15,-7.37,-5.923041,a*,spa,12
13,6.0,343.15,-6.31,-6.126107,a*,spa,12
14,7.0,343.15,-9.78,-5.585877,a*,spa,12
15,8.0,343.15,-8.75,-5.097854,a*,spa,12
16,3.0,353.15,-7.78,-14.026913,a*,spa,12
17,4.0,353.15,-4.97,-11.485172,a*,spa,12
18,5.0,353.15,-5.65,-5.4244266,a*,spa,12
19,6.0,353.15,-5.27,-5.2973857,a*,spa,12
20,7.0,353.15,-4.15,-5.1583505,a*,spa,12
21,8.0,353.15,-4.81,-5.5241413,a*,spa,12
22,9.0,353.15,-4.63,-5.1064143,a*,spa,12
23,3.0,353.15,-7.54,-6.9453735,a*,spa,12
24,4.0,353.15,-6.39,-5.6773486,a*,spa,12
25,5.0,353.15,-6.03,-4.9759793,a*,spa,12
26,6.0,353.15,-6.34,-6.1740394,a*,spa,12
27,7.0,353.15,-6.02,-5.1843443,a*,spa,12
28,8.0,353.15,-6.56,-5.024326,a*,spa,12
29,9.0,353.15,-9.13,-12.072018,a*,spa,12
30,3.0,353.15,-8.33,-8.443664,a*,spa,12
31,4.0,353.15,-4.86,-5.529163,a*,spa,12
32,5.0,353.15,-5.58,-4.4430327,a*,spa,12
33,6.0,353.15,-6.25,-5.388678,a*,spa,12
34,7.0,353.15,-5.31,-5.1989775,a*,spa,12
35,8.0,353.15,-5.5,-13.091259,a*,spa,12
36,9.0,353.15,-5.18,-7.1495686,a*,spa,12
37,6.0,363.15,-5.03,-9.31407,a*,spa,12
38,7.0,363.15,-5.75,-5.0712376,a*,spa,12
39,8.0,363.15,-5.26,-5.238756,a*,spa,12
40,9.0,363.15,-4.94,-4.8909926,a*,spa,12
41,6.0,363.15,-5.31,-5.1330028,a*,spa,12
42,7.0,363.15,-4.5,-5.3460555,a*,spa,12
43,8.0,363.15,-5.02,-5.121798,a*,spa,12
44,9.0,363.15,-5.5,-5.075771,a*,spa,12
45,3.0,363.15,-11.73,-14.883539,a*,spa,12
46,4.0,363.15,-12.13,-14.76705,a*,spa,12
47,5.0,363.15,-11.61,-5.162441,a*,spa,12
48,6.0,363.15,-11.8,-4.2136865,a*,spa,12
49,7.0,363.15,-10.96,-11.981899,a*,spa,12
50,8.0,363.15,-12.65,-12.298151,a*,spa,12
51,9.0,363.15,-11.9,-9.204802,a*,spa,12
52,3.0,363.15,-5.8,-9.019875,a*,spa,12
53,4.0,363.15,-5.91,-6.102755,a*,spa,12
54,5.0,363.15,-5.59,-6.0138893,a*,spa,12
55,6.0,363.15,-4.86,-6.2405305,a*,spa,12
56,7.0,363.15,-5.34,-4.9910836,a*,spa,12
57,8.0,363.15,-5.75,-4.8331475,a*,spa,12
58,9.0,363.15,-5.76,-5.052405,a*,spa,12
1,6.0,343.15,-4.76,-7.88995,a*,spa,16
2,7.0,343.15,-5.46,-7.88995,a*,spa,16
3,8.0,343.15,-6.73,-7.889949,a*,spa,16
4,3.0,343.15,-4.85,-7.889951,a*,spa,16
5,4.0,343.15,-4.22,-7.8899508,a*,spa,16
6,5.0,343.15,-5.18,-7.8899508,a*,spa,16
7,6.0,343.15,-3.49,-7.88995,a*,spa,16
8,7.0,343.15,-4.59,-7.88995,a*,spa,16
9,8.0,343.15,-4.94,-7.8899493,a*,spa,16
10,3.0,343.15,-7.94,-7.8899508,a*,spa,16
11,4.0,343.15,-6.49,-7.8899508,a*,spa,16
12,5.0,343.15,-7.37,-7.8899508,a*,spa,16
13,6.0,343.15,-6.31,-7.88995,a*,spa,16
14,7.0,343.15,-9.78,-7.88995,a*,spa,16
15,8.0,343.15,-8.75,-7.889949,a*,spa,16
16,3.0,353.15,-7.78,-7.8899517,a*,spa,16
17,4.0,353.15,-4.97,-7.8899508,a*,spa,16
18,5.0,353.15,-5.65,-7.8899508,a*,spa,16
19,6.0,353.15,-5.27,-7.8899503,a*,spa,16
20,7.0,353.15,-4.15,-7.88995,a*,spa,16
21,8.0,353.15,-4.81,-7.88995,a*,spa,16
22,9.0,353.15,-4.63,-7.88995,a*,spa,16
23,3.0,353.15,-7.54,-7.8899517,a*,spa,16
24,4.0,353.15,-6.39,-7.8899508,a*,spa,16
25,5.0,353.15,-6.03,-7.8899508,a*,spa,16
26,6.0,353.15,-6.34,-7.8899503,a*,spa,16
27,7.0,353.15,-6.02,-7.88995,a*,spa,16
28,8.0,353.15,-6.56,-7.8899493,a*,spa,16
29,9.0,353.15,-9.13,-7.88995,a*,spa,16
30,3.0,353.15,-8.33,-7.8899517,a*,spa,16
31,4.0,353.15,-4.86,-7.8899508,a*,spa,16
32,5.0,353.15,-5.58,-7.8899508,a*,spa,16
33,6.0,353.15,-6.25,-7.8899503,a*,spa,16
34,7.0,353.15,-5.31,-7.88995,a*,spa,16
35,8.0,353.15,-5.5,-7.88995,a*,spa,16
36,9.0,353.15,-5.18,-7.88995,a*,spa,16
37,6.0,363.15,-5.03,-7.8899508,a*,spa,16
38,7.0,363.15,-5.75,-7.8899503,a*,spa,16
39,8.0,363.15,-5.26,-7.88995,a*,spa,16
40,9.0,363.15,-4.94,-7.88995,a*,spa,16
41,6.0,363.15,-5.31,-7.8899503,a*,spa,16
42,7.0,363.15,-4.5,-7.8899503,a*,spa,16
43,8.0,363.15,-5.02,-7.88995,a*,spa,16
44,9.0,363.15,-5.5,-7.88995,a*,spa,16
45,3.0,363.15,-11.73,-7.8899517,a*,spa,16
46,4.0,363.15,-12.13,-7.889951,a*,spa,16
47,5.0,363.15,-11.61,-7.8899508,a*,spa,16
48,6.0,363.15,-11.8,-7.8899503,a*,spa,16
49,7.0,363.15,-10.96,-7.8899503,a*,spa,16
50,8.0,363.15,-12.65,-7.88995,a*,spa,16
51,9.0,363.15,-11.9,-7.88995,a*,spa,16
52,3.0,363.15,-5.8,-7.8899517,a*,spa,16
53,4.0,363.15,-5.91,-7.889951,a*,spa,16
54,5.0,363.15,-5.59,-7.8899508,a*,spa,16
55,6.0,363.15,-4.86,-7.8899503,a*,spa,16
56,7.0,363.15,-5.34,-7.8899503,a*,spa,16
57,8.0,363.15,-5.75,-7.88995,a*,spa,16
58,9.0,363.15,-5.76,-7.88995,a*,spa,16
1,6.0,343.15,-4.76,-9.127757,a*,spa,20
2,7.0,343.15,-5.46,-6.637171,a*,spa,20
3,8.0,343.15,-6.73,-10.621,a*,spa,20
4,3.0,343.15,-4.85,-5.1978827,a*,spa,20
5,4.0,343.15,-4.22,-8.622467,a*,spa,20
6,5.0,343.15,-5.18,-5.20413,a*,spa,20
7,6.0,343.15,-3.49,-9.671913,a*,spa,20
8,7.0,343.15,-4.59,-4.887251,a*,spa,20
9,8.0,343.15,-4.94,-3.8598745,a*,spa,20
10,3.0,343.15,-7.94,-5.13239,a*,spa,20
11,4.0,343.15,-6.49,-5.2231617,a*,spa,20
12,5.0,343.15,-7.37,-0.60152173,a*,spa,20
13,6.0,343.15,-6.31,-7.2314672,a*,spa,20
14,7.0,343.15,-9.78,-15.58379,a*,spa,20
15,8.0,343.15,-8.75,-4.050869,a*,spa,20
16,3.0,353.15,-7.78,-9.1284895,a*,spa,20
17,4.0,353.15,-4.97,-5.2297335,a*,spa,20
18,5.0,353.15,-5.65,-4.7493744,a*,spa,20
19,6.0,353.15,-5.27,-5.148983,a*,spa,20
20,7.0,353.15,-4.15,-15.869267,a*,spa,20
21,8.0,353.15,-4.81,-11.501075,a*,spa,20
22,9.0,353.15,-4.63,-5.220709,a*,spa,20
23,3.0,353.15,-7.54,-5.2030687,a*,spa,20
24,4.0,353.15,-6.39,-4.5170174,a*,spa,20
25,5.0,353.15,-6.03,-5.2070856,a*,spa,20
26,6.0,353.15,-6.34,11.596358,a*,spa,20
27,7.0,353.15,-6.02,-4.1837854,a*,spa,20
28,8.0,353.15,-6.56,-5.3554688,a*,spa,20
29,9.0,353.15,-9.13,-15.858798,a*,spa,20
30,3.0,353.15,-8.33,-9.105569,a*,spa,20
31,4.0,353.15,-4.86,-8.175207,a*,spa,20
32,5.0,353.15,-5.58,-4.072794,a*,spa,20
33,6.0,353.15,-6.25,-4.513357,a*,spa,20
34,7.0,353.15,-5.31,-7.5948935,a*,spa,20
35,8.0,353.15,-5.5,-3.6023977,a*,spa,20
36,9.0,353.15,-5.18,-15.74653,a*,spa,20
37,6.0,363.15,-5.03,-15.397728,a*,spa,20
38,7.0,363.15,-5.75,-5.209161,a*,spa,20
39,8.0,363.15,-5.26,-5.1883745,a*,spa,20
40,9.0,363.15,-4.94,-5.1475,a*,spa,20
41,6.0,363.15,-5.31,-5.213032,a*,spa,20
42,7.0,363.15,-4.5,-5.219475,a*,spa,20
43,8.0,363.15,-5.02,-4.7149076,a*,spa,20
44,9.0,363.15,-5.5,-5.1855164,a*,spa,20
45,3.0,363.15,-11.73,-16.690262,a*,spa,20
46,4.0,363.15,-12.13,-15.442177,a*,spa,20
47,5.0,363.15,-11.61,-8.944994,a*,spa,20
48,6.0,363.15,-11.8,-5.2279835,a*,spa,20
49,7.0,363.15,-10.96,-9.387671,a*,spa,20
50,8.0,363.15,-12.65,-10.4288435,a*,spa,20
51,9.0,363.15,-11.9,-14.224932,a*,spa,20
52,3.0,363.15,-5.8,-9.022212,a*,spa,20
53,4.0,363.15,-5.91,-8.984685,a*,spa,20
54,5.0,363.15,-5.59,-5.198537,a*,spa,20
55,6.0,363.15,-4.86,-5.253027,a*,spa,20
56,7.0,363.15,-5.34,-5.4946613,a*,spa,20
57,8.0,363.15,-5.75,-5.2185926,a*,spa,20
58,9.0,363.15,-5.76,-3.792747,a*,spa,20
